1306,2023/06/02,not get price
1308,2023/06/03,not get price
1309,2023/06/03,not get price
1311,2023/06/02,not get price
1319,2023/06/02,not get price
1320,2023/06/02,not get price
1321,2023/06/02,not get price
1322,2023/06/02,not get price
1324,2023/06/03,not get price
1325,2023/06/03,not get price
1326,2023/06/02,not get price
1328,2023/06/03,not get price
1329,2023/06/03,not get price
1330,2023/06/02,not get price
1343,2023/06/02,not get price
1345,2023/06/02,not get price
1346,2023/06/02,not get price
1348,2023/06/02,not get price
1349,2023/06/03,not get price
1356,2023/06/03,not get price
1357,2023/06/02,not get price
1358,2023/06/02,not get price
1360,2023/06/02,not get price
1364,2023/06/02,not get price
1365,2023/06/03,not get price
1366,2023/06/02,not get price
1367,2023/06/02,not get price
1368,2023/06/03,not get price
1369,2023/06/02,not get price
1385,2023/06/02,not get price
1386,2023/06/03,not get price
1387,2023/06/03,not get price
1388,2023/06/03,not get price
1389,2023/06/03,not get price
1390,2023/06/02,not get price
1391,2023/06/02,not get price
1392,2023/06/02,not get price
1393,2023/06/02,not get price
1394,2023/06/02,not get price
1397,2023/06/03,not get price
1398,2023/06/03,not get price
1399,2023/06/03,not get price
1456,2023/06/03,not get price
1457,2023/06/03,not get price
1458,2023/06/03,not get price
1459,2023/06/03,not get price
1464,2023/06/02,not get price
1465,2023/06/02,not get price
1466,2023/06/02,not get price
1467,2023/06/03,not get price
1468,2023/06/02,not get price
1469,2023/06/03,not get price
1472,2023/06/03,not get price
1473,2023/06/03,not get price
1474,2023/06/02,not get price
1475,2023/06/02,not get price
1476,2023/06/03,not get price
1477,2023/06/02,not get price
1478,2023/06/02,not get price
1479,2023/06/02,not get price
1480,2023/06/03,not get price
1481,2023/06/02,not get price
1482,2023/06/03,not get price
1483,2023/06/02,not get price
1484,2023/06/03,not get price
1485,2023/06/02,not get price
1486,2023/06/03,not get price
1487,2023/06/02,not get price
1488,2023/06/02,not get price
1489,2023/06/02,not get price
1490,2023/06/02,not get price
1492,2023/06/03,not get price
1493,2023/06/03,not get price
1494,2023/06/03,not get price
1495,2023/06/03,not get price
1496,2023/06/03,not get price
1497,2023/06/03,not get price
1498,2023/06/03,not get price
1499,2023/06/03,not get price
1540,2023/06/02,not get price
1541,2023/06/02,not get price
1542,2023/06/02,not get price
1543,2023/06/03,not get price
1545,2023/06/03,not get price
1546,2023/06/03,not get price
1547,2023/06/03,not get price
1550,2023/06/02,not get price
1551,2023/06/02,not get price
1552,2023/06/02,not get price
1553,2023/06/03,not get price
1554,2023/06/03,not get price
1555,2023/06/03,not get price
1557,2023/06/03,not get price
1559,2023/06/03,not get price
1560,2023/06/03,not get price
1563,2023/06/03,not get price
1566,2023/06/02,not get price
1568,2023/06/03,not get price
1569,2023/06/02,not get price
1570,2023/06/02,not get price
1571,2023/06/02,not get price
1572,2023/06/02,not get price
1573,2023/06/02,not get price
1577,2023/06/02,not get price
1578,2023/06/02,not get price
1579,2023/06/03,not get price
1580,2023/06/02,not get price
1585,2023/06/03,not get price
1586,2023/06/03,not get price
1591,2023/06/03,not get price
1592,2023/06/02,not get price
1593,2023/06/02,not get price
1595,2023/06/03,not get price
1596,2023/06/02,not get price
1597,2023/06/02,not get price
1599,2023/06/03,not get price
1615,2023/06/03,not get price
1617,2023/06/03,not get price
1618,2023/06/03,not get price
1619,2023/06/03,not get price
1620,2023/06/02,not get price
1621,2023/06/03,not get price
1622,2023/06/03,not get price
1623,2023/06/02,not get price
1624,2023/06/03,not get price
1625,2023/06/03,not get price
1626,2023/06/03,not get price
1627,2023/06/02,not get price
1628,2023/06/02,not get price
1629,2023/06/02,not get price
1630,2023/06/02,not get price
1631,2023/06/02,not get price
1632,2023/06/02,not get price
1633,2023/06/03,not get price
1651,2023/06/02,not get price
1652,2023/06/02,not get price
1653,2023/06/02,not get price
1654,2023/06/03,not get price
1655,2023/06/02,not get price
1656,2023/06/03,not get price
1657,2023/06/03,not get price
1658,2023/06/03,not get price
1659,2023/06/03,not get price
1660,2023/06/03,not get price
1671,2023/06/02,not get price
1672,2023/06/03,not get price
1673,2023/06/03,not get price
1674,2023/06/02,not get price
1675,2023/06/02,not get price
1676,2023/06/02,not get price
1677,2023/06/03,not get price
1678,2023/06/02,not get price
1679,2023/06/02,not get price
1680,2023/06/02,not get price
1681,2023/06/02,not get price
1682,2023/06/02,not get price
1684,2023/06/03,not get price
1685,2023/06/03,not get price
1686,2023/06/03,not get price
1687,2023/06/03,not get price
1688,2023/06/03,not get price
1689,2023/06/02,not get price
1690,2023/06/02,not get price
1691,2023/06/03,not get price
1692,2023/06/03,not get price
1693,2023/06/03,not get price
1694,2023/06/03,not get price
1695,2023/06/03,not get price
1696,2023/06/02,not get price
1697,2023/06/02,not get price
1698,2023/06/02,not get price
1699,2023/06/02,not get price
1915,2023/06/03,not get price
1917,2023/06/03,not get price
1918,2023/06/03,not get price
1920,2023/06/02,not get price
1922,2023/06/03,not get price
1923,2023/06/03,not get price
1927,2023/06/03,not get price
1947,2023/06/03,not get price
1953,2023/06/03,not get price
1958,2023/06/02,not get price
1962,2023/06/02,not get price
1974,2023/06/02,not get price
1977,2023/06/02,not get price
1991,2023/06/02,not get price
1993,2023/06/03,not get price
1996,2023/06/02,not get price
2000,2023/06/03,not get price
2005,2023/06/02,not get price
2007,2023/06/03,not get price
2010,2023/06/03,not get price
2011,2023/06/02,not get price
2012,2023/06/02,not get price
2013,2023/06/03,not get price
2014,2023/06/03,not get price
2015,2023/06/03,not get price
2016,2023/06/03,not get price
2017,2023/06/03,not get price
2018,2023/06/03,not get price
2019,2023/06/03,not get price
2020,2023/06/02,not get price
2031,2023/06/02,not get price
2032,2023/06/02,not get price
2033,2023/06/03,not get price
2034,2023/06/03,not get price
2036,2023/06/03,not get price
2037,2023/06/03,not get price
2038,2023/06/03,not get price
2039,2023/06/03,not get price
2040,2023/06/03,not get price
2041,2023/06/02,not get price
2042,2023/06/02,not get price
2043,2023/06/02,not get price
2044,2023/06/03,not get price
2045,2023/06/03,not get price
2046,2023/06/03,not get price
2047,2023/06/03,not get price
2048,2023/06/02,not get price
2050,2023/06/02,not get price
2054,2023/06/02,not get price
2061,2023/06/02,not get price
2062,2023/06/03,not get price
2063,2023/06/02,not get price
2064,2023/06/03,not get price
2065,2023/06/02,not get price
2066,2023/06/02,not get price
2067,2023/06/02,not get price
2068,2023/06/02,not get price
2069,2023/06/03,not get price
2070,2023/06/02,not get price
2071,2023/06/03,not get price
2072,2023/06/02,not get price
2073,2023/06/02,not get price
2074,2023/06/02,not get price
2075,2023/06/03,not get price
2076,2023/06/03,not get price
2077,2023/06/02,not get price
2078,2023/06/02,not get price
2079,2023/06/02,not get price
2080,2023/06/02,not get price
2081,2023/06/02,not get price
2082,2023/06/02,not get price
2083,2023/06/02,not get price
2084,2023/06/02,not get price
2085,2023/06/03,not get price
2086,2023/06/03,not get price
2087,2023/06/02,not get price
2088,2023/06/02,not get price
2089,2023/06/02,not get price
2090,2023/06/02,not get price
2091,2023/06/03,not get price
2092,2023/06/02,not get price
2093,2023/06/03,not get price
2094,2023/06/03,not get price
2095,2023/06/02,not get price
2096,2023/06/02,not get price
2097,2023/06/03,not get price
2098,2023/06/02,not get price
2099,2023/06/02,not get price
2100,2023/06/02,not get price
2101,2023/06/02,not get price
2102,2023/06/03,not get price
2103,2023/06/03,not get price
2104,2023/06/03,not get price
2105,2023/06/02,not get price
2106,2023/06/03,not get price
2110,2023/06/02,not get price
2111,2023/06/03,not get price
2115,2023/06/02,not get price
2118,2023/06/02,not get price
2119,2023/06/02,not get price
2125,2023/06/02,not get price
2129,2023/06/03,not get price
2141,2023/06/02,not get price
2161,2023/06/02,not get price
2171,2023/06/02,not get price
2184,2023/06/03,not get price
2187,2023/06/03,not get price
2188,2023/06/03,not get price
2189,2023/06/02,not get price
2192,2023/06/03,not get price
2194,2023/06/02,not get price
2197,2023/06/02,not get price
2199,2023/06/03,not get price
2200,2023/06/03,not get price
2203,2023/06/03,not get price
2205,2023/06/03,not get price
2210,2023/06/03,not get price
2213,2023/06/03,not get price
2214,2023/06/03,not get price
2219,2023/06/03,not get price
2223,2023/06/03,not get price
2225,2023/06/02,not get price
2230,2023/06/02,not get price
2231,2023/06/03,not get price
2232,2023/06/03,not get price
2233,2023/06/02,not get price
2234,2023/06/03,not get price
2235,2023/06/03,not get price
2236,2023/06/03,not get price
2237,2023/06/03,not get price
2238,2023/06/03,not get price
2239,2023/06/02,not get price
2240,2023/06/03,not get price
2241,2023/06/03,not get price
2242,2023/06/03,not get price
2243,2023/06/03,not get price
2244,2023/06/03,not get price
2245,2023/06/03,not get price
2246,2023/06/02,not get price
2247,2023/06/03,not get price
2248,2023/06/03,not get price
2249,2023/06/03,not get price
2250,2023/06/02,not get price
2251,2023/06/03,not get price
2252,2023/06/02,not get price
2253,2023/06/02,not get price
2254,2023/06/02,not get price
2255,2023/06/02,not get price
2256,2023/06/03,not get price
2257,2023/06/03,not get price
2258,2023/06/03,not get price
2259,2023/06/03,not get price
2260,2023/06/03,not get price
2263,2023/06/03,not get price
2265,2023/06/03,not get price
2271,2023/06/03,not get price
2272,2023/06/03,not get price
2273,2023/06/03,not get price
2274,2023/06/02,not get price
2275,2023/06/03,not get price
2276,2023/06/03,not get price
2277,2023/06/03,not get price
2278,2023/06/02,not get price
2279,2023/06/02,not get price
2280,2023/06/03,not get price
2283,2023/06/02,not get price
2285,2023/06/03,not get price
2287,2023/06/03,not get price
2295,2023/06/03,not get price
2297,2023/06/02,not get price
2298,2023/06/03,not get price
2299,2023/06/03,not get price
2302,2023/06/02,not get price
2308,2023/06/02,not get price
2312,2023/06/03,not get price
2313,2023/06/02,not get price
2314,2023/06/03,not get price
2319,2023/06/02,not get price
2320,2023/06/03,not get price
2336,2023/06/02,not get price
2339,2023/06/02,not get price
2343,2023/06/02,not get price
2346,2023/06/02,not get price
2348,2023/06/03,not get price
2357,2023/06/02,not get price
2358,2023/06/03,not get price
2361,2023/06/02,not get price
2364,2023/06/03,not get price
2365,2023/06/03,not get price
2367,2023/06/02,not get price
2368,2023/06/03,not get price
2380,2023/06/03,not get price
2381,2023/06/03,not get price
2382,2023/06/03,not get price
2383,2023/06/02,not get price
2390,2023/06/02,not get price
2401,2023/06/02,not get price
2407,2023/06/02,not get price
2421,2023/06/02,not get price
2422,2023/06/03,not get price
2439,2023/06/02,not get price
2441,2023/06/02,not get price
2442,2023/06/02,not get price
2443,2023/06/03,not get price
2452,2023/06/02,not get price
2455,2023/06/03,not get price
2456,2023/06/03,not get price
2457,2023/06/02,not get price
2470,2023/06/02,not get price
2472,2023/06/03,not get price
2474,2023/06/03,not get price
2482,2023/06/03,not get price
2500,2023/06/02,not get price
2504,2023/06/03,not get price
2505,2023/06/02,not get price
2506,2023/06/02,not get price
2507,2023/06/03,not get price
2508,2023/06/02,not get price
2509,2023/06/02,not get price
2510,2023/06/02,not get price
2511,2023/06/02,not get price
2512,2023/06/02,not get price
2513,2023/06/03,not get price
2514,2023/06/02,not get price
2515,2023/06/03,not get price
2516,2023/06/03,not get price
2517,2023/06/02,not get price
2518,2023/06/03,not get price
2519,2023/06/03,not get price
2520,2023/06/02,not get price
2521,2023/06/03,not get price
2522,2023/06/03,not get price
2523,2023/06/02,not get price
2524,2023/06/03,not get price
2525,2023/06/02,not get price
2526,2023/06/02,not get price
2527,2023/06/02,not get price
2528,2023/06/03,not get price
2529,2023/06/02,not get price
2530,2023/06/02,not get price
2532,2023/06/03,not get price
2534,2023/06/03,not get price
2535,2023/06/02,not get price
2537,2023/06/02,not get price
2539,2023/06/02,not get price
2541,2023/06/02,not get price
2542,2023/06/02,not get price
2543,2023/06/03,not get price
2544,2023/06/03,not get price
2545,2023/06/03,not get price
2546,2023/06/03,not get price
2547,2023/06/02,not get price
2548,2023/06/02,not get price
2549,2023/06/02,not get price
2550,2023/06/03,not get price
2552,2023/06/03,not get price
2553,2023/06/03,not get price
2554,2023/06/03,not get price
2555,2023/06/02,not get price
2556,2023/06/02,not get price
2557,2023/06/03,not get price
2558,2023/06/02,not get price
2559,2023/06/02,not get price
2560,2023/06/03,not get price
2561,2023/06/02,not get price
2562,2023/06/02,not get price
2563,2023/06/02,not get price
2564,2023/06/02,not get price
2565,2023/06/02,not get price
2566,2023/06/03,not get price
2567,2023/06/02,not get price
2568,2023/06/03,not get price
2569,2023/06/02,not get price
2570,2023/06/03,not get price
2571,2023/06/03,not get price
2574,2023/06/03,not get price
2575,2023/06/03,not get price
2576,2023/06/03,not get price
2577,2023/06/03,not get price
2581,2023/06/03,not get price
2582,2023/06/03,not get price
2583,2023/06/02,not get price
2584,2023/06/02,not get price
2592,2023/06/02,not get price
2595,2023/06/02,not get price
2596,2023/06/02,not get price
2600,2023/06/03,not get price
2601,2023/06/02,not get price
2603,2023/06/03,not get price
2604,2023/06/03,not get price
2605,2023/06/03,not get price
2606,2023/06/03,not get price
2609,2023/06/03,not get price
2610,2023/06/03,not get price
2614,2023/06/02,not get price
2615,2023/06/03,not get price
2616,2023/06/02,not get price
2617,2023/06/02,not get price
2618,2023/06/03,not get price
2619,2023/06/03,not get price
2620,2023/06/03,not get price
2621,2023/06/03,not get price
2622,2023/06/02,not get price
2623,2023/06/03,not get price
2624,2023/06/02,not get price
2625,2023/06/02,not get price
2626,2023/06/02,not get price
2627,2023/06/02,not get price
2628,2023/06/03,not get price
2629,2023/06/03,not get price
2630,2023/06/02,not get price
2631,2023/06/03,not get price
2632,2023/06/02,not get price
2633,2023/06/02,not get price
2634,2023/06/02,not get price
2635,2023/06/02,not get price
2636,2023/06/03,not get price
2637,2023/06/02,not get price
2638,2023/06/03,not get price
2639,2023/06/03,not get price
2640,2023/06/02,not get price
2641,2023/06/02,not get price
2642,2023/06/02,not get price
2643,2023/06/02,not get price
2644,2023/06/03,not get price
2645,2023/06/02,not get price
2646,2023/06/03,not get price
2647,2023/06/03,not get price
2648,2023/06/03,not get price
2649,2023/06/03,not get price
2650,2023/06/02,not get price
2661,2023/06/02,not get price
2663,2023/06/03,not get price
2671,2023/06/02,not get price
2672,2023/06/02,not get price
2677,2023/06/02,not get price
2679,2023/06/02,not get price
2691,2023/06/02,not get price
2699,2023/06/03,not get price
2701,2023/06/03,not get price
2704,2023/06/02,not get price
2707,2023/06/02,not get price
2711,2023/06/03,not get price
2713,2023/06/02,not get price
2716,2023/06/02,not get price
2720,2023/06/02,not get price
2728,2023/06/02,not get price
2739,2023/06/03,not get price
2740,2023/06/03,not get price
2741,2023/06/03,not get price
2745,2023/06/02,not get price
2748,2023/06/02,not get price
2755,2023/06/02,not get price
2756,2023/06/03,not get price
2758,2023/06/03,not get price
2765,2023/06/03,not get price
2770,2023/06/02,not get price
2771,2023/06/02,not get price
2783,2023/06/03,not get price
2785,2023/06/03,not get price
2787,2023/06/03,not get price
2793,2023/06/03,not get price
2800,2023/06/02,not get price
2803,2023/06/03,not get price
2807,2023/06/03,not get price
2808,2023/06/02,not get price
2821,2023/06/02,not get price
2822,2023/06/03,not get price
2823,2023/06/03,not get price
2824,2023/06/03,not get price
2825,2023/06/03,not get price
2826,2023/06/03,not get price
2827,2023/06/02,not get price
2828,2023/06/03,not get price
2829,2023/06/03,not get price
2832,2023/06/02,not get price
2833,2023/06/02,not get price
2834,2023/06/02,not get price
2835,2023/06/02,not get price
2836,2023/06/02,not get price
2837,2023/06/02,not get price
2838,2023/06/02,not get price
2839,2023/06/02,not get price
2840,2023/06/03,not get price
2841,2023/06/02,not get price
2842,2023/06/03,not get price
2843,2023/06/03,not get price
2844,2023/06/02,not get price
2845,2023/06/02,not get price
2846,2023/06/03,not get price
2847,2023/06/02,not get price
2848,2023/06/03,not get price
2849,2023/06/03,not get price
2850,2023/06/03,not get price
2851,2023/06/03,not get price
2852,2023/06/03,not get price
2853,2023/06/03,not get price
2854,2023/06/02,not get price
2855,2023/06/02,not get price
2856,2023/06/02,not get price
2857,2023/06/02,not get price
2858,2023/06/03,not get price
2859,2023/06/02,not get price
2860,2023/06/03,not get price
2861,2023/06/02,not get price
2862,2023/06/02,not get price
2863,2023/06/03,not get price
2864,2023/06/02,not get price
2865,2023/06/03,not get price
2866,2023/06/02,not get price
2867,2023/06/02,not get price
2868,2023/06/02,not get price
2869,2023/06/02,not get price
2870,2023/06/02,not get price
2885,2023/06/03,not get price
2886,2023/06/02,not get price
2887,2023/06/03,not get price
2888,2023/06/03,not get price
2889,2023/06/02,not get price
2890,2023/06/02,not get price
2895,2023/06/02,not get price
2896,2023/06/02,not get price
2900,2023/06/02,not get price
2920,2023/06/02,not get price
2938,2023/06/03,not get price
2939,2023/06/03,not get price
2940,2023/06/02,not get price
2941,2023/06/03,not get price
2942,2023/06/03,not get price
2943,2023/06/03,not get price
2944,2023/06/02,not get price
2945,2023/06/02,not get price
2946,2023/06/03,not get price
2947,2023/06/03,not get price
2948,2023/06/03,not get price
2949,2023/06/02,not get price
2950,2023/06/02,not get price
2951,2023/06/02,not get price
2952,2023/06/02,not get price
2953,2023/06/03,not get price
2954,2023/06/02,not get price
2955,2023/06/02,not get price
2956,2023/06/03,not get price
2957,2023/06/03,not get price
2958,2023/06/02,not get price
2959,2023/06/02,not get price
2960,2023/06/02,not get price
2962,2023/06/02,not get price
2963,2023/06/02,not get price
2964,2023/06/02,not get price
2965,2023/06/02,not get price
2966,2023/06/02,not get price
2967,2023/06/02,not get price
2968,2023/06/02,not get price
2969,2023/06/02,not get price
2973,2023/06/02,not get price
2977,2023/06/02,not get price
2985,2023/06/02,not get price
2988,2023/06/02,not get price
2990,2023/06/02,not get price
2992,2023/06/03,not get price
2994,2023/06/03,not get price
2995,2023/06/03,not get price
2996,2023/06/02,not get price
3000,2023/06/02,not get price
3005,2023/06/02,not get price
3006,2023/06/02,not get price
3007,2023/06/02,not get price
3008,2023/06/02,not get price
3012,2023/06/03,not get price
3013,2023/06/03,not get price
3014,2023/06/03,not get price
3015,2023/06/02,not get price
3016,2023/06/03,not get price
3017,2023/06/02,not get price
3018,2023/06/03,not get price
3019,2023/06/02,not get price
3025,2023/06/03,not get price
3026,2023/06/03,not get price
3029,2023/06/03,not get price
3039,2023/06/03,not get price
3056,2023/06/03,not get price
3072,2023/06/02,not get price
3081,2023/06/02,not get price
3084,2023/06/03,not get price
3100,2023/06/03,not get price
3102,2023/06/02,not get price
3108,2023/06/02,not get price
3112,2023/06/02,not get price
3115,2023/06/03,not get price
3118,2023/06/03,not get price
3119,2023/06/03,not get price
3120,2023/06/02,not get price
3122,2023/06/03,not get price
3124,2023/06/03,not get price
3126,2023/06/03,not get price
3127,2023/06/03,not get price
3130,2023/06/02,not get price
3142,2023/06/02,not get price
3144,2023/06/02,not get price
3145,2023/06/02,not get price
3149,2023/06/02,not get price
3152,2023/06/02,not get price
3155,2023/06/03,not get price
3158,2023/06/03,not get price
3160,2023/06/03,not get price
3162,2023/06/02,not get price
3164,2023/06/03,not get price
3188,2023/06/03,not get price
3200,2023/06/02,not get price
3203,2023/06/02,not get price
3206,2023/06/03,not get price
3208,2023/06/03,not get price
3210,2023/06/03,not get price
3211,2023/06/02,not get price
3212,2023/06/02,not get price
3213,2023/06/02,not get price
3214,2023/06/02,not get price
3215,2023/06/02,not get price
3217,2023/06/02,not get price
3218,2023/06/03,not get price
3219,2023/06/03,not get price
3220,2023/06/02,not get price
3253,2023/06/02,not get price
3255,2023/06/03,not get price
3256,2023/06/02,not get price
3257,2023/06/02,not get price
3262,2023/06/02,not get price
3270,2023/06/03,not get price
3273,2023/06/03,not get price
3301,2023/06/03,not get price
3303,2023/06/03,not get price
3305,2023/06/03,not get price
3307,2023/06/02,not get price
3310,2023/06/03,not get price
3312,2023/06/02,not get price
3314,2023/06/03,not get price
3324,2023/06/02,not get price
3327,2023/06/02,not get price
3336,2023/06/02,not get price
3340,2023/06/03,not get price
3342,2023/06/02,not get price
3345,2023/06/02,not get price
3357,2023/06/02,not get price
3363,2023/06/03,not get price
3365,2023/06/03,not get price
3368,2023/06/03,not get price
3369,2023/06/03,not get price
3378,2023/06/03,not get price
3380,2023/06/03,not get price
3389,2023/06/03,not get price
3400,2023/06/03,not get price
3406,2023/06/03,not get price
3410,2023/06/02,not get price
3412,2023/06/02,not get price
3413,2023/06/02,not get price
3414,2023/06/02,not get price
3425,2023/06/02,not get price
3427,2023/06/02,not get price
3430,2023/06/02,not get price
3438,2023/06/03,not get price
3448,2023/06/03,not get price
3450,2023/06/03,not get price
3456,2023/06/03,not get price
3483,2023/06/03,not get price
3485,2023/06/02,not get price
3499,2023/06/03,not get price
3500,2023/06/03,not get price
3502,2023/06/03,not get price
3505,2023/06/03,not get price
3506,2023/06/03,not get price
3507,2023/06/02,not get price
3508,2023/06/02,not get price
3509,2023/06/03,not get price
3510,2023/06/03,not get price
3511,2023/06/02,not get price
3516,2023/06/03,not get price
3517,2023/06/03,not get price
3518,2023/06/02,not get price
3519,2023/06/02,not get price
3520,2023/06/02,not get price
3522,2023/06/03,not get price
3523,2023/06/03,not get price
3525,2023/06/03,not get price
3527,2023/06/02,not get price
3530,2023/06/02,not get price
3531,2023/06/03,not get price
3532,2023/06/02,not get price
3533,2023/06/02,not get price
3535,2023/06/03,not get price
3554,2023/06/03,not get price
3555,2023/06/03,not get price
3567,2023/06/03,not get price
3568,2023/06/03,not get price
3572,2023/06/02,not get price
3573,2023/06/02,not get price
3574,2023/06/02,not get price
3575,2023/06/02,not get price
3576,2023/06/03,not get price
3579,2023/06/02,not get price
3581,2023/06/03,not get price
3582,2023/06/03,not get price
3584,2023/06/03,not get price
3586,2023/06/03,not get price
3589,2023/06/03,not get price
3590,2023/06/03,not get price
3595,2023/06/03,not get price
3596,2023/06/02,not get price
3601,2023/06/03,not get price
3602,2023/06/03,not get price
3603,2023/06/03,not get price
3609,2023/06/03,not get price
3610,2023/06/03,not get price
3613,2023/06/03,not get price
3614,2023/06/02,not get price
3615,2023/06/02,not get price
3616,2023/06/03,not get price
3617,2023/06/02,not get price
3618,2023/06/03,not get price
3619,2023/06/02,not get price
3621,2023/06/02,not get price
3631,2023/06/03,not get price
3637,2023/06/02,not get price
3638,2023/06/02,not get price
3642,2023/06/03,not get price
3643,2023/06/02,not get price
3650,2023/06/02,not get price
3651,2023/06/02,not get price
3684,2023/06/02,not get price
3693,2023/06/03,not get price
3699,2023/06/02,not get price
3700,2023/06/02,not get price
3701,2023/06/02,not get price
3702,2023/06/02,not get price
3703,2023/06/02,not get price
3704,2023/06/02,not get price
3705,2023/06/02,not get price
3706,2023/06/02,not get price
3707,2023/06/02,not get price
3709,2023/06/02,not get price
3714,2023/06/02,not get price
3717,2023/06/02,not get price
3718,2023/06/02,not get price
3721,2023/06/03,not get price
3728,2023/06/03,not get price
3729,2023/06/03,not get price
3737,2023/06/03,not get price
3743,2023/06/02,not get price
3748,2023/06/02,not get price
3757,2023/06/02,not get price
3759,2023/06/02,not get price
3761,2023/06/03,not get price
3795,2023/06/02,not get price
3805,2023/06/03,not get price
3806,2023/06/02,not get price
3833,2023/06/03,not get price
3855,2023/06/02,not get price
3860,2023/06/03,not get price
3862,2023/06/03,not get price
3866,2023/06/03,not get price
3867,2023/06/02,not get price
3868,2023/06/02,not get price
3869,2023/06/02,not get price
3870,2023/06/03,not get price
3871,2023/06/03,not get price
3873,2023/06/03,not get price
3874,2023/06/03,not get price
3875,2023/06/03,not get price
3876,2023/06/03,not get price
3879,2023/06/02,not get price
3881,2023/06/03,not get price
3883,2023/06/03,not get price
3884,2023/06/03,not get price
3885,2023/06/02,not get price
3886,2023/06/02,not get price
3887,2023/06/02,not get price
3888,2023/06/03,not get price
3889,2023/06/02,not get price
3894,2023/06/03,not get price
3897,2023/06/03,not get price
3898,2023/06/03,not get price
3899,2023/06/02,not get price
3942,2023/06/02,not get price
3949,2023/06/03,not get price
3957,2023/06/03,not get price
3958,2023/06/03,not get price
3959,2023/06/02,not get price
3972,2023/06/02,not get price
3973,2023/06/02,not get price
3980,2023/06/03,not get price
3982,2023/06/03,not get price
4000,2023/06/03,not get price
4001,2023/06/03,not get price
4002,2023/06/02,not get price
4006,2023/06/02,not get price
4009,2023/06/03,not get price
4010,2023/06/02,not get price
4024,2023/06/02,not get price
4029,2023/06/03,not get price
4030,2023/06/02,not get price
4032,2023/06/03,not get price
4034,2023/06/02,not get price
4035,2023/06/03,not get price
4036,2023/06/03,not get price
4037,2023/06/03,not get price
4038,2023/06/03,not get price
4039,2023/06/02,not get price
4048,2023/06/03,not get price
4049,2023/06/03,not get price
4050,2023/06/03,not get price
4066,2023/06/03,not get price
4067,2023/06/03,not get price
4070,2023/06/03,not get price
4077,2023/06/03,not get price
4079,2023/06/02,not get price
4081,2023/06/02,not get price
4083,2023/06/02,not get price
4084,2023/06/02,not get price
4085,2023/06/02,not get price
4086,2023/06/03,not get price
4087,2023/06/03,not get price
4089,2023/06/03,not get price
4090,2023/06/03,not get price
4101,2023/06/03,not get price
4103,2023/06/03,not get price
4104,2023/06/02,not get price
4108,2023/06/03,not get price
4110,2023/06/03,not get price
4111,2023/06/03,not get price
4121,2023/06/03,not get price
4122,2023/06/03,not get price
4123,2023/06/03,not get price
4126,2023/06/02,not get price
4127,2023/06/03,not get price
4128,2023/06/02,not get price
4129,2023/06/03,not get price
4130,2023/06/02,not get price
4131,2023/06/02,not get price
4132,2023/06/03,not get price
4133,2023/06/03,not get price
4134,2023/06/03,not get price
4135,2023/06/03,not get price
4136,2023/06/03,not get price
4137,2023/06/03,not get price
4138,2023/06/02,not get price
4139,2023/06/02,not get price
4140,2023/06/02,not get price
4141,2023/06/03,not get price
4142,2023/06/02,not get price
4143,2023/06/03,not get price
4144,2023/06/02,not get price
4145,2023/06/02,not get price
4146,2023/06/03,not get price
4147,2023/06/02,not get price
4148,2023/06/03,not get price
4149,2023/06/02,not get price
4150,2023/06/02,not get price
4152,2023/06/03,not get price
4153,2023/06/03,not get price
4154,2023/06/03,not get price
4155,2023/06/03,not get price
4156,2023/06/03,not get price
4157,2023/06/03,not get price
4158,2023/06/02,not get price
4159,2023/06/02,not get price
4160,2023/06/03,not get price
4161,2023/06/03,not get price
4162,2023/06/02,not get price
4163,2023/06/03,not get price
4164,2023/06/03,not get price
4181,2023/06/03,not get price
4184,2023/06/02,not get price
4190,2023/06/03,not get price
4191,2023/06/03,not get price
4195,2023/06/02,not get price
4197,2023/06/02,not get price
4207,2023/06/03,not get price
4209,2023/06/02,not get price
4210,2023/06/03,not get price
4211,2023/06/02,not get price
4214,2023/06/02,not get price
4219,2023/06/02,not get price
4223,2023/06/02,not get price
4225,2023/06/02,not get price
4227,2023/06/02,not get price
4230,2023/06/03,not get price
4232,2023/06/02,not get price
4236,2023/06/02,not get price
4252,2023/06/02,not get price
4253,2023/06/02,not get price
4254,2023/06/03,not get price
4257,2023/06/02,not get price
4266,2023/06/02,not get price
4269,2023/06/02,not get price
4273,2023/06/03,not get price
4276,2023/06/02,not get price
4277,2023/06/02,not get price
4278,2023/06/02,not get price
4279,2023/06/02,not get price
4280,2023/06/02,not get price
4285,2023/06/03,not get price
4292,2023/06/03,not get price
4294,2023/06/03,not get price
4297,2023/06/02,not get price
4303,2023/06/02,not get price
4313,2023/06/02,not get price
4328,2023/06/02,not get price
4338,2023/06/02,not get price
4353,2023/06/02,not get price
4354,2023/06/02,not get price
4363,2023/06/02,not get price
4383,2023/06/02,not get price
4400,2023/06/02,not get price
4402,2023/06/02,not get price
4405,2023/06/03,not get price
4407,2023/06/02,not get price
4408,2023/06/03,not get price
4411,2023/06/03,not get price
4426,2023/06/02,not get price
4451,2023/06/02,not get price
4453,2023/06/02,not get price
4454,2023/06/02,not get price
4455,2023/06/02,not get price
4456,2023/06/03,not get price
4457,2023/06/02,not get price
4458,2023/06/02,not get price
4459,2023/06/02,not get price
4460,2023/06/02,not get price
4466,2023/06/02,not get price
4467,2023/06/02,not get price
4468,2023/06/02,not get price
4469,2023/06/03,not get price
4470,2023/06/02,not get price
4472,2023/06/03,not get price
4473,2023/06/03,not get price
4474,2023/06/03,not get price
4500,2023/06/03,not get price
4501,2023/06/02,not get price
4504,2023/06/02,not get price
4505,2023/06/02,not get price
4509,2023/06/02,not get price
4510,2023/06/02,not get price
4511,2023/06/03,not get price
4513,2023/06/02,not get price
4515,2023/06/02,not get price
4520,2023/06/02,not get price
4522,2023/06/03,not get price
4525,2023/06/02,not get price
4529,2023/06/03,not get price
4532,2023/06/03,not get price
4533,2023/06/03,not get price
4545,2023/06/03,not get price
4546,2023/06/03,not get price
4560,2023/06/02,not get price
4562,2023/06/02,not get price
4580,2023/06/02,not get price
4590,2023/06/03,not get price
4600,2023/06/03,not get price
4601,2023/06/03,not get price
4602,2023/06/03,not get price
4603,2023/06/03,not get price
4604,2023/06/02,not get price
4605,2023/06/02,not get price
4606,2023/06/03,not get price
4607,2023/06/03,not get price
4608,2023/06/02,not get price
4609,2023/06/03,not get price
4610,2023/06/03,not get price
4618,2023/06/02,not get price
4630,2023/06/02,not get price
4632,2023/06/02,not get price
4637,2023/06/02,not get price
4638,2023/06/03,not get price
4639,2023/06/02,not get price
4643,2023/06/02,not get price
4646,2023/06/03,not get price
4647,2023/06/03,not get price
4648,2023/06/03,not get price
4652,2023/06/03,not get price
4660,2023/06/02,not get price
4677,2023/06/02,not get price
4682,2023/06/03,not get price
4688,2023/06/03,not get price
4693,2023/06/03,not get price
4697,2023/06/03,not get price
4698,2023/06/03,not get price
4702,2023/06/03,not get price
4703,2023/06/03,not get price
4706,2023/06/02,not get price
4710,2023/06/02,not get price
4715,2023/06/02,not get price
4717,2023/06/02,not get price
4721,2023/06/03,not get price
4729,2023/06/03,not get price
4730,2023/06/03,not get price
4737,2023/06/03,not get price
4753,2023/06/02,not get price
4758,2023/06/03,not get price
4759,2023/06/03,not get price
4774,2023/06/03,not get price
4778,2023/06/02,not get price
4780,2023/06/03,not get price
4782,2023/06/03,not get price
4785,2023/06/02,not get price
4786,2023/06/03,not get price
4791,2023/06/02,not get price
4795,2023/06/03,not get price
4796,2023/06/03,not get price
4802,2023/06/02,not get price
4803,2023/06/02,not get price
4804,2023/06/02,not get price
4805,2023/06/02,not get price
4806,2023/06/03,not get price
4807,2023/06/03,not get price
4808,2023/06/03,not get price
4810,2023/06/03,not get price
4811,2023/06/03,not get price
4818,2023/06/03,not get price
4821,2023/06/02,not get price
4836,2023/06/02,not get price
4844,2023/06/03,not get price
4846,2023/06/02,not get price
4851,2023/06/02,not get price
4852,2023/06/02,not get price
4853,2023/06/02,not get price
4854,2023/06/03,not get price
4855,2023/06/02,not get price
4856,2023/06/02,not get price
4857,2023/06/03,not get price
4858,2023/06/02,not get price
4859,2023/06/03,not get price
4860,2023/06/03,not get price
4861,2023/06/03,not get price
4862,2023/06/03,not get price
4864,2023/06/02,not get price
4865,2023/06/03,not get price
4866,2023/06/03,not get price
4867,2023/06/02,not get price
4868,2023/06/03,not get price
4869,2023/06/03,not get price
4870,2023/06/02,not get price
4871,2023/06/02,not get price
4872,2023/06/02,not get price
4873,2023/06/02,not get price
4874,2023/06/03,not get price
4876,2023/06/03,not get price
4877,2023/06/03,not get price
4878,2023/06/03,not get price
4879,2023/06/03,not get price
4893,2023/06/03,not get price
4894,2023/06/02,not get price
4895,2023/06/02,not get price
4896,2023/06/02,not get price
4897,2023/06/02,not get price
4898,2023/06/03,not get price
4899,2023/06/03,not get price
4900,2023/06/03,not get price
4903,2023/06/03,not get price
4904,2023/06/02,not get price
4905,2023/06/03,not get price
4906,2023/06/02,not get price
4907,2023/06/02,not get price
4908,2023/06/03,not get price
4909,2023/06/02,not get price
4910,2023/06/02,not get price
4938,2023/06/03,not get price
4939,2023/06/02,not get price
4940,2023/06/03,not get price
4941,2023/06/03,not get price
4942,2023/06/02,not get price
4943,2023/06/03,not get price
4944,2023/06/03,not get price
4945,2023/06/02,not get price
4946,2023/06/02,not get price
4947,2023/06/02,not get price
4948,2023/06/02,not get price
4949,2023/06/02,not get price
4950,2023/06/02,not get price
4959,2023/06/03,not get price
4964,2023/06/03,not get price
4969,2023/06/02,not get price
4981,2023/06/02,not get price
4982,2023/06/02,not get price
4983,2023/06/02,not get price
4984,2023/06/02,not get price
4986,2023/06/02,not get price
4988,2023/06/03,not get price
4991,2023/06/03,not get price
4993,2023/06/03,not get price
5000,2023/06/03,not get price
5003,2023/06/03,not get price
5004,2023/06/02,not get price
5005,2023/06/03,not get price
5006,2023/06/03,not get price
5014,2023/06/02,not get price
5022,2023/06/03,not get price
5023,2023/06/03,not get price
5024,2023/06/03,not get price
5030,2023/06/03,not get price
5037,2023/06/02,not get price
5040,2023/06/03,not get price
5041,2023/06/02,not get price
5042,2023/06/03,not get price
5043,2023/06/03,not get price
5044,2023/06/03,not get price
5045,2023/06/02,not get price
5046,2023/06/03,not get price
5047,2023/06/02,not get price
5048,2023/06/03,not get price
5049,2023/06/02,not get price
5050,2023/06/03,not get price
5052,2023/06/02,not get price
5053,2023/06/03,not get price
5054,2023/06/02,not get price
5055,2023/06/02,not get price
5056,2023/06/02,not get price
5057,2023/06/02,not get price
5058,2023/06/02,not get price
5059,2023/06/02,not get price
5060,2023/06/02,not get price
5061,2023/06/02,not get price
5062,2023/06/02,not get price
5063,2023/06/02,not get price
5064,2023/06/02,not get price
5065,2023/06/02,not get price
5066,2023/06/02,not get price
5067,2023/06/02,not get price
5068,2023/06/02,not get price
5069,2023/06/03,not get price
5072,2023/06/02,not get price
5073,2023/06/03,not get price
5077,2023/06/02,not get price
5080,2023/06/03,not get price
5081,2023/06/03,not get price
5082,2023/06/02,not get price
5083,2023/06/02,not get price
5084,2023/06/02,not get price
5085,2023/06/02,not get price
5086,2023/06/03,not get price
5087,2023/06/02,not get price
5088,2023/06/02,not get price
5089,2023/06/03,not get price
5090,2023/06/02,not get price
5091,2023/06/03,not get price
5092,2023/06/03,not get price
5093,2023/06/02,not get price
5094,2023/06/03,not get price
5095,2023/06/02,not get price
5096,2023/06/03,not get price
5097,2023/06/02,not get price
5098,2023/06/02,not get price
5099,2023/06/02,not get price
5100,2023/06/03,not get price
5102,2023/06/03,not get price
5106,2023/06/02,not get price
5107,2023/06/02,not get price
5109,2023/06/02,not get price
5111,2023/06/02,not get price
5112,2023/06/02,not get price
5113,2023/06/02,not get price
5114,2023/06/03,not get price
5115,2023/06/03,not get price
5116,2023/06/02,not get price
5117,2023/06/03,not get price
5118,2023/06/03,not get price
5119,2023/06/02,not get price
5120,2023/06/02,not get price
5123,2023/06/03,not get price
5124,2023/06/03,not get price
5130,2023/06/03,not get price
5135,2023/06/02,not get price
5140,2023/06/02,not get price
5141,2023/06/02,not get price
5143,2023/06/03,not get price
5144,2023/06/02,not get price
5145,2023/06/02,not get price
5146,2023/06/02,not get price
5147,2023/06/02,not get price
5148,2023/06/02,not get price
5149,2023/06/03,not get price
5150,2023/06/03,not get price
5151,2023/06/03,not get price
5152,2023/06/02,not get price
5153,2023/06/02,not get price
5154,2023/06/02,not get price
5155,2023/06/02,not get price
5156,2023/06/03,not get price
5157,2023/06/03,not get price
5158,2023/06/02,not get price
5159,2023/06/03,not get price
5160,2023/06/02,not get price
5163,2023/06/02,not get price
5164,2023/06/03,not get price
5165,2023/06/03,not get price
5166,2023/06/02,not get price
5167,2023/06/02,not get price
5168,2023/06/03,not get price
5169,2023/06/02,not get price
5170,2023/06/02,not get price
5171,2023/06/02,not get price
5172,2023/06/02,not get price
5173,2023/06/02,not get price
5174,2023/06/02,not get price
5175,2023/06/02,not get price
5176,2023/06/02,not get price
5177,2023/06/02,not get price
5178,2023/06/02,not get price
5179,2023/06/03,not get price
5180,2023/06/03,not get price
5181,2023/06/03,not get price
5182,2023/06/03,not get price
5183,2023/06/02,not get price
5190,2023/06/03,not get price
5193,2023/06/02,not get price
5197,2023/06/03,not get price
5198,2023/06/02,not get price
5200,2023/06/02,not get price
5203,2023/06/03,not get price
5205,2023/06/03,not get price
5206,2023/06/03,not get price
5207,2023/06/02,not get price
5209,2023/06/02,not get price
5211,2023/06/02,not get price
5213,2023/06/03,not get price
5215,2023/06/03,not get price
5219,2023/06/02,not get price
5220,2023/06/03,not get price
5221,2023/06/03,not get price
5222,2023/06/03,not get price
5223,2023/06/03,not get price
5224,2023/06/02,not get price
5225,2023/06/03,not get price
5226,2023/06/02,not get price
5227,2023/06/02,not get price
5228,2023/06/03,not get price
5229,2023/06/03,not get price
5230,2023/06/03,not get price
5231,2023/06/03,not get price
5235,2023/06/02,not get price
5236,2023/06/03,not get price
5238,2023/06/03,not get price
5239,2023/06/02,not get price
5241,2023/06/03,not get price
5245,2023/06/03,not get price
5249,2023/06/03,not get price
5251,2023/06/03,not get price
5260,2023/06/03,not get price
5263,2023/06/03,not get price
5264,2023/06/03,not get price
5265,2023/06/02,not get price
5266,2023/06/03,not get price
5270,2023/06/03,not get price
5272,2023/06/03,not get price
5275,2023/06/03,not get price
5281,2023/06/03,not get price
5291,2023/06/03,not get price
5292,2023/06/03,not get price
5293,2023/06/03,not get price
5294,2023/06/02,not get price
5295,2023/06/03,not get price
5296,2023/06/03,not get price
5297,2023/06/02,not get price
5298,2023/06/02,not get price
5299,2023/06/02,not get price
5300,2023/06/02,not get price
5303,2023/06/02,not get price
5305,2023/06/02,not get price
5306,2023/06/02,not get price
5307,2023/06/02,not get price
5308,2023/06/03,not get price
5309,2023/06/02,not get price
5311,2023/06/03,not get price
5312,2023/06/03,not get price
5313,2023/06/02,not get price
5314,2023/06/02,not get price
5315,2023/06/02,not get price
5316,2023/06/02,not get price
5317,2023/06/02,not get price
5318,2023/06/02,not get price
5319,2023/06/03,not get price
5320,2023/06/03,not get price
5321,2023/06/02,not get price
5322,2023/06/03,not get price
5323,2023/06/02,not get price
5324,2023/06/02,not get price
5325,2023/06/03,not get price
5326,2023/06/03,not get price
5327,2023/06/03,not get price
5328,2023/06/03,not get price
5329,2023/06/02,not get price
5330,2023/06/02,not get price
5336,2023/06/02,not get price
5338,2023/06/02,not get price
5339,2023/06/03,not get price
5340,2023/06/02,not get price
5346,2023/06/02,not get price
5347,2023/06/03,not get price
5348,2023/06/02,not get price
5349,2023/06/02,not get price
5350,2023/06/02,not get price
5353,2023/06/03,not get price
5354,2023/06/03,not get price
5359,2023/06/02,not get price
5360,2023/06/02,not get price
5361,2023/06/02,not get price
5364,2023/06/03,not get price
5365,2023/06/03,not get price
5366,2023/06/03,not get price
5369,2023/06/02,not get price
5370,2023/06/02,not get price
5371,2023/06/02,not get price
5372,2023/06/02,not get price
5373,2023/06/03,not get price
5374,2023/06/02,not get price
5375,2023/06/02,not get price
5376,2023/06/02,not get price
5377,2023/06/03,not get price
5378,2023/06/02,not get price
5379,2023/06/03,not get price
5382,2023/06/03,not get price
5385,2023/06/03,not get price
5392,2023/06/02,not get price
5394,2023/06/03,not get price
5396,2023/06/02,not get price
5399,2023/06/03,not get price
5400,2023/06/03,not get price
5402,2023/06/03,not get price
5403,2023/06/02,not get price
5404,2023/06/03,not get price
5409,2023/06/03,not get price
5414,2023/06/02,not get price
5415,2023/06/02,not get price
5416,2023/06/02,not get price
5417,2023/06/02,not get price
5418,2023/06/02,not get price
5419,2023/06/03,not get price
5420,2023/06/02,not get price
5421,2023/06/02,not get price
5422,2023/06/02,not get price
5424,2023/06/03,not get price
5425,2023/06/02,not get price
5426,2023/06/02,not get price
5427,2023/06/02,not get price
5428,2023/06/03,not get price
5429,2023/06/02,not get price
5430,2023/06/03,not get price
5431,2023/06/02,not get price
5432,2023/06/02,not get price
5433,2023/06/02,not get price
5434,2023/06/03,not get price
5435,2023/06/03,not get price
5436,2023/06/03,not get price
5437,2023/06/03,not get price
5438,2023/06/03,not get price
5439,2023/06/02,not get price
5441,2023/06/02,not get price
5442,2023/06/02,not get price
5443,2023/06/03,not get price
5447,2023/06/02,not get price
5452,2023/06/02,not get price
5454,2023/06/03,not get price
5455,2023/06/03,not get price
5459,2023/06/02,not get price
5460,2023/06/02,not get price
5462,2023/06/02,not get price
5465,2023/06/03,not get price
5466,2023/06/03,not get price
5467,2023/06/03,not get price
5468,2023/06/03,not get price
5469,2023/06/03,not get price
5470,2023/06/02,not get price
5472,2023/06/03,not get price
5473,2023/06/02,not get price
5474,2023/06/02,not get price
5475,2023/06/02,not get price
5477,2023/06/02,not get price
5478,2023/06/03,not get price
5483,2023/06/03,not get price
5485,2023/06/03,not get price
5487,2023/06/03,not get price
5488,2023/06/03,not get price
5489,2023/06/03,not get price
5490,2023/06/02,not get price
5492,2023/06/02,not get price
5493,2023/06/03,not get price
5494,2023/06/03,not get price
5495,2023/06/02,not get price
5496,2023/06/02,not get price
5497,2023/06/02,not get price
5498,2023/06/02,not get price
5499,2023/06/02,not get price
5500,2023/06/02,not get price
5501,2023/06/03,not get price
5502,2023/06/02,not get price
5503,2023/06/02,not get price
5504,2023/06/03,not get price
5505,2023/06/02,not get price
5506,2023/06/02,not get price
5507,2023/06/02,not get price
5508,2023/06/02,not get price
5509,2023/06/03,not get price
5510,2023/06/03,not get price
5511,2023/06/03,not get price
5512,2023/06/03,not get price
5513,2023/06/03,not get price
5514,2023/06/02,not get price
5515,2023/06/03,not get price
5516,2023/06/02,not get price
5517,2023/06/03,not get price
5518,2023/06/02,not get price
5519,2023/06/03,not get price
5520,2023/06/03,not get price
5521,2023/06/03,not get price
5522,2023/06/03,not get price
5523,2023/06/03,not get price
5524,2023/06/03,not get price
5525,2023/06/02,not get price
5526,2023/06/03,not get price
5528,2023/06/02,not get price
5529,2023/06/02,not get price
5531,2023/06/03,not get price
5532,2023/06/02,not get price
5533,2023/06/03,not get price
5534,2023/06/02,not get price
5535,2023/06/03,not get price
5536,2023/06/03,not get price
5537,2023/06/02,not get price
5538,2023/06/02,not get price
5539,2023/06/03,not get price
5540,2023/06/03,not get price
5543,2023/06/03,not get price
5544,2023/06/03,not get price
5545,2023/06/03,not get price
5546,2023/06/02,not get price
5547,2023/06/03,not get price
5548,2023/06/02,not get price
5549,2023/06/03,not get price
5550,2023/06/03,not get price
5551,2023/06/02,not get price
5552,2023/06/02,not get price
5553,2023/06/02,not get price
5554,2023/06/02,not get price
5555,2023/06/02,not get price
5556,2023/06/02,not get price
5557,2023/06/02,not get price
5558,2023/06/03,not get price
5559,2023/06/02,not get price
5560,2023/06/02,not get price
5561,2023/06/03,not get price
5562,2023/06/03,not get price
5564,2023/06/02,not get price
5565,2023/06/03,not get price
5567,2023/06/03,not get price
5568,2023/06/03,not get price
5569,2023/06/03,not get price
5573,2023/06/02,not get price
5574,2023/06/02,not get price
5575,2023/06/02,not get price
5576,2023/06/02,not get price
5577,2023/06/03,not get price
5578,2023/06/03,not get price
5579,2023/06/03,not get price
5580,2023/06/03,not get price
5581,2023/06/03,not get price
5582,2023/06/03,not get price
5583,2023/06/03,not get price
5584,2023/06/03,not get price
5585,2023/06/03,not get price
5586,2023/06/03,not get price
5587,2023/06/03,not get price
5588,2023/06/02,not get price
5589,2023/06/02,not get price
5590,2023/06/02,not get price
5591,2023/06/03,not get price
5592,2023/06/02,not get price
5593,2023/06/02,not get price
5594,2023/06/02,not get price
5595,2023/06/02,not get price
5596,2023/06/03,not get price
5597,2023/06/02,not get price
5598,2023/06/02,not get price
5599,2023/06/02,not get price
5600,2023/06/03,not get price
5601,2023/06/02,not get price
5604,2023/06/02,not get price
5611,2023/06/03,not get price
5615,2023/06/03,not get price
5616,2023/06/03,not get price
5617,2023/06/02,not get price
5618,2023/06/03,not get price
5619,2023/06/02,not get price
5620,2023/06/02,not get price
5621,2023/06/02,not get price
5622,2023/06/03,not get price
5623,2023/06/03,not get price
5624,2023/06/03,not get price
5625,2023/06/02,not get price
5626,2023/06/03,not get price
5627,2023/06/02,not get price
5628,2023/06/02,not get price
5629,2023/06/02,not get price
5630,2023/06/03,not get price
5633,2023/06/03,not get price
5634,2023/06/03,not get price
5635,2023/06/02,not get price
5636,2023/06/02,not get price
5637,2023/06/02,not get price
5638,2023/06/02,not get price
5639,2023/06/02,not get price
5640,2023/06/02,not get price
5642,2023/06/02,not get price
5643,2023/06/03,not get price
5646,2023/06/03,not get price
5647,2023/06/03,not get price
5648,2023/06/02,not get price
5649,2023/06/03,not get price
5650,2023/06/03,not get price
5651,2023/06/02,not get price
5652,2023/06/03,not get price
5653,2023/06/03,not get price
5654,2023/06/03,not get price
5655,2023/06/02,not get price
5656,2023/06/02,not get price
5661,2023/06/02,not get price
5662,2023/06/02,not get price
5663,2023/06/02,not get price
5664,2023/06/02,not get price
5665,2023/06/02,not get price
5666,2023/06/03,not get price
5667,2023/06/03,not get price
5668,2023/06/03,not get price
5669,2023/06/02,not get price
5670,2023/06/02,not get price
5671,2023/06/02,not get price
5672,2023/06/02,not get price
5673,2023/06/02,not get price
5674,2023/06/02,not get price
5675,2023/06/02,not get price
5676,2023/06/02,not get price
5677,2023/06/02,not get price
5678,2023/06/03,not get price
5679,2023/06/03,not get price
5680,2023/06/03,not get price
5681,2023/06/02,not get price
5682,2023/06/02,not get price
5683,2023/06/02,not get price
5684,2023/06/03,not get price
5685,2023/06/02,not get price
5686,2023/06/02,not get price
5687,2023/06/02,not get price
5688,2023/06/02,not get price
5689,2023/06/02,not get price
5691,2023/06/02,not get price
5692,2023/06/02,not get price
5693,2023/06/02,not get price
5694,2023/06/03,not get price
5696,2023/06/02,not get price
5700,2023/06/02,not get price
5705,2023/06/03,not get price
5708,2023/06/02,not get price
5709,2023/06/03,not get price
5710,2023/06/03,not get price
5712,2023/06/03,not get price
5716,2023/06/03,not get price
5717,2023/06/03,not get price
5718,2023/06/02,not get price
5719,2023/06/03,not get price
5720,2023/06/03,not get price
5722,2023/06/03,not get price
5723,2023/06/02,not get price
5725,2023/06/03,not get price
5728,2023/06/02,not get price
5730,2023/06/02,not get price
5731,2023/06/02,not get price
5732,2023/06/02,not get price
5733,2023/06/03,not get price
5734,2023/06/03,not get price
5735,2023/06/02,not get price
5736,2023/06/03,not get price
5737,2023/06/03,not get price
5740,2023/06/03,not get price
5743,2023/06/02,not get price
5744,2023/06/03,not get price
5745,2023/06/03,not get price
5746,2023/06/02,not get price
5747,2023/06/03,not get price
5748,2023/06/02,not get price
5749,2023/06/02,not get price
5750,2023/06/03,not get price
5751,2023/06/03,not get price
5752,2023/06/03,not get price
5754,2023/06/03,not get price
5755,2023/06/02,not get price
5760,2023/06/03,not get price
5761,2023/06/03,not get price
5762,2023/06/02,not get price
5763,2023/06/03,not get price
5764,2023/06/03,not get price
5765,2023/06/02,not get price
5766,2023/06/03,not get price
5767,2023/06/03,not get price
5768,2023/06/03,not get price
5769,2023/06/03,not get price
5770,2023/06/02,not get price
5772,2023/06/02,not get price
5773,2023/06/03,not get price
5774,2023/06/03,not get price
5775,2023/06/02,not get price
5776,2023/06/03,not get price
5777,2023/06/03,not get price
5778,2023/06/03,not get price
5779,2023/06/03,not get price
5780,2023/06/03,not get price
5782,2023/06/02,not get price
5783,2023/06/02,not get price
5784,2023/06/02,not get price
5785,2023/06/02,not get price
5786,2023/06/02,not get price
5787,2023/06/02,not get price
5788,2023/06/02,not get price
5789,2023/06/02,not get price
5790,2023/06/02,not get price
5791,2023/06/03,not get price
5792,2023/06/02,not get price
5793,2023/06/02,not get price
5794,2023/06/02,not get price
5795,2023/06/02,not get price
5796,2023/06/02,not get price
5797,2023/06/03,not get price
5798,2023/06/03,not get price
5799,2023/06/03,not get price
5800,2023/06/02,not get price
5806,2023/06/02,not get price
5810,2023/06/02,not get price
5813,2023/06/02,not get price
5814,2023/06/02,not get price
5818,2023/06/02,not get price
5822,2023/06/02,not get price
5823,2023/06/02,not get price
5824,2023/06/03,not get price
5825,2023/06/02,not get price
5826,2023/06/03,not get price
5827,2023/06/02,not get price
5828,2023/06/03,not get price
5829,2023/06/02,not get price
5833,2023/06/02,not get price
5835,2023/06/02,not get price
5837,2023/06/02,not get price
5839,2023/06/02,not get price
5840,2023/06/02,not get price
5841,2023/06/02,not get price
5842,2023/06/03,not get price
5843,2023/06/02,not get price
5844,2023/06/02,not get price
5845,2023/06/03,not get price
5846,2023/06/02,not get price
5847,2023/06/03,not get price
5848,2023/06/03,not get price
5849,2023/06/02,not get price
5850,2023/06/03,not get price
5853,2023/06/02,not get price
5854,2023/06/03,not get price
5858,2023/06/02,not get price
5859,2023/06/03,not get price
5860,2023/06/02,not get price
5861,2023/06/03,not get price
5862,2023/06/03,not get price
5863,2023/06/03,not get price
5864,2023/06/03,not get price
5865,2023/06/02,not get price
5866,2023/06/02,not get price
5867,2023/06/02,not get price
5868,2023/06/02,not get price
5869,2023/06/03,not get price
5870,2023/06/03,not get price
5871,2023/06/02,not get price
5872,2023/06/03,not get price
5873,2023/06/03,not get price
5874,2023/06/03,not get price
5875,2023/06/02,not get price
5876,2023/06/02,not get price
5877,2023/06/03,not get price
5878,2023/06/03,not get price
5879,2023/06/02,not get price
5880,2023/06/03,not get price
5881,2023/06/03,not get price
5882,2023/06/02,not get price
5883,2023/06/02,not get price
5884,2023/06/02,not get price
5885,2023/06/03,not get price
5886,2023/06/03,not get price
5887,2023/06/03,not get price
5888,2023/06/03,not get price
5889,2023/06/03,not get price
5890,2023/06/02,not get price
5891,2023/06/03,not get price
5892,2023/06/03,not get price
5893,2023/06/03,not get price
5894,2023/06/03,not get price
5895,2023/06/03,not get price
5896,2023/06/03,not get price
5897,2023/06/02,not get price
5898,2023/06/02,not get price
5899,2023/06/03,not get price
5904,2023/06/02,not get price
5910,2023/06/02,not get price
5914,2023/06/02,not get price
5920,2023/06/02,not get price
5924,2023/06/02,not get price
5925,2023/06/03,not get price
5926,2023/06/03,not get price
5927,2023/06/02,not get price
5937,2023/06/03,not get price
5948,2023/06/02,not get price
5960,2023/06/02,not get price
5961,2023/06/03,not get price
5968,2023/06/03,not get price
5972,2023/06/03,not get price
5978,2023/06/03,not get price
6000,2023/06/02,not get price
6001,2023/06/02,not get price
6002,2023/06/02,not get price
6003,2023/06/02,not get price
6004,2023/06/02,not get price
6006,2023/06/03,not get price
6007,2023/06/02,not get price
6008,2023/06/02,not get price
6009,2023/06/03,not get price
6010,2023/06/02,not get price
6011,2023/06/02,not get price
6012,2023/06/03,not get price
6014,2023/06/02,not get price
6015,2023/06/03,not get price
6017,2023/06/02,not get price
6019,2023/06/02,not get price
6020,2023/06/02,not get price
6024,2023/06/03,not get price
6043,2023/06/02,not get price
6056,2023/06/02,not get price
6057,2023/06/03,not get price
6066,2023/06/02,not get price
6100,2023/06/03,not get price
6102,2023/06/03,not get price
6105,2023/06/03,not get price
6106,2023/06/03,not get price
6107,2023/06/03,not get price
6108,2023/06/03,not get price
6109,2023/06/02,not get price
6110,2023/06/03,not get price
6114,2023/06/03,not get price
6115,2023/06/03,not get price
6116,2023/06/02,not get price
6117,2023/06/02,not get price
6119,2023/06/02,not get price
6120,2023/06/02,not get price
6122,2023/06/03,not get price
6123,2023/06/02,not get price
6124,2023/06/03,not get price
6126,2023/06/02,not get price
6127,2023/06/03,not get price
6128,2023/06/03,not get price
6129,2023/06/03,not get price
6132,2023/06/02,not get price
6133,2023/06/03,not get price
6139,2023/06/03,not get price
6148,2023/06/02,not get price
6152,2023/06/02,not get price
6153,2023/06/03,not get price
6154,2023/06/03,not get price
6168,2023/06/03,not get price
6169,2023/06/03,not get price
6170,2023/06/02,not get price
6174,2023/06/03,not get price
6179,2023/06/03,not get price
6202,2023/06/03,not get price
6204,2023/06/02,not get price
6206,2023/06/03,not get price
6207,2023/06/03,not get price
6209,2023/06/03,not get price
6212,2023/06/02,not get price
6214,2023/06/02,not get price
6215,2023/06/03,not get price
6216,2023/06/02,not get price
6219,2023/06/03,not get price
6220,2023/06/03,not get price
6221,2023/06/02,not get price
6223,2023/06/02,not get price
6224,2023/06/03,not get price
6228,2023/06/03,not get price
6234,2023/06/03,not get price
6241,2023/06/03,not get price
6243,2023/06/02,not get price
6244,2023/06/02,not get price
6251,2023/06/03,not get price
6270,2023/06/02,not get price
6275,2023/06/02,not get price
6283,2023/06/02,not get price
6285,2023/06/03,not get price
6288,2023/06/02,not get price
6296,2023/06/02,not get price
6308,2023/06/02,not get price
6311,2023/06/02,not get price
6318,2023/06/02,not get price
6329,2023/06/03,not get price
6341,2023/06/02,not get price
6348,2023/06/02,not get price
6350,2023/06/02,not get price
6353,2023/06/03,not get price
6354,2023/06/03,not get price
6359,2023/06/03,not get price
6372,2023/06/02,not get price
6377,2023/06/02,not get price
6385,2023/06/03,not get price
6388,2023/06/02,not get price
6389,2023/06/03,not get price
6394,2023/06/02,not get price
6398,2023/06/02,not get price
6399,2023/06/02,not get price
6404,2023/06/02,not get price
6410,2023/06/02,not get price
6422,2023/06/03,not get price
6426,2023/06/03,not get price
6427,2023/06/02,not get price
6431,2023/06/03,not get price
6434,2023/06/03,not get price
6435,2023/06/02,not get price
6438,2023/06/02,not get price
6441,2023/06/03,not get price
6442,2023/06/03,not get price
6446,2023/06/02,not get price
6447,2023/06/02,not get price
6449,2023/06/03,not get price
6450,2023/06/03,not get price
6451,2023/06/03,not get price
6452,2023/06/02,not get price
6456,2023/06/03,not get price
6468,2023/06/03,not get price
6475,2023/06/03,not get price
6483,2023/06/03,not get price
6491,2023/06/03,not get price
6499,2023/06/02,not get price
6500,2023/06/02,not get price
6509,2023/06/02,not get price
6510,2023/06/02,not get price
6511,2023/06/02,not get price
6512,2023/06/02,not get price
6514,2023/06/03,not get price
6515,2023/06/02,not get price
6520,2023/06/03,not get price
6525,2023/06/03,not get price
6527,2023/06/03,not get price
6528,2023/06/02,not get price
6529,2023/06/03,not get price
6530,2023/06/03,not get price
6536,2023/06/03,not get price
6559,2023/06/03,not get price
6576,2023/06/03,not get price
6582,2023/06/03,not get price
6583,2023/06/03,not get price
6587,2023/06/02,not get price
6589,2023/06/02,not get price
6595,2023/06/02,not get price
6596,2023/06/02,not get price
6598,2023/06/02,not get price
6600,2023/06/02,not get price
6601,2023/06/02,not get price
6602,2023/06/03,not get price
6603,2023/06/02,not get price
6604,2023/06/02,not get price
6605,2023/06/02,not get price
6606,2023/06/03,not get price
6607,2023/06/03,not get price
6608,2023/06/03,not get price
6609,2023/06/02,not get price
6610,2023/06/03,not get price
6611,2023/06/03,not get price
6631,2023/06/02,not get price
6642,2023/06/02,not get price
6649,2023/06/02,not get price
6673,2023/06/02,not get price
6680,2023/06/03,not get price
6681,2023/06/03,not get price
6682,2023/06/02,not get price
6683,2023/06/02,not get price
6684,2023/06/02,not get price
6685,2023/06/02,not get price
6686,2023/06/02,not get price
6688,2023/06/02,not get price
6689,2023/06/02,not get price
6690,2023/06/03,not get price
6691,2023/06/02,not get price
6692,2023/06/03,not get price
6693,2023/06/03,not get price
6695,2023/06/03,not get price
6700,2023/06/03,not get price
6705,2023/06/03,not get price
6710,2023/06/02,not get price
6711,2023/06/02,not get price
6712,2023/06/02,not get price
6713,2023/06/03,not get price
6714,2023/06/02,not get price
6725,2023/06/03,not get price
6732,2023/06/02,not get price
6733,2023/06/03,not get price
6739,2023/06/03,not get price
6746,2023/06/02,not get price
6761,2023/06/02,not get price
6774,2023/06/02,not get price
6780,2023/06/02,not get price
6781,2023/06/02,not get price
6782,2023/06/02,not get price
6783,2023/06/02,not get price
6795,2023/06/02,not get price
6799,2023/06/02,not get price
6802,2023/06/03,not get price
6805,2023/06/03,not get price
6808,2023/06/03,not get price
6813,2023/06/02,not get price
6828,2023/06/02,not get price
6831,2023/06/03,not get price
6843,2023/06/02,not get price
6847,2023/06/02,not get price
6851,2023/06/02,not get price
6854,2023/06/02,not get price
6865,2023/06/03,not get price
6872,2023/06/02,not get price
6873,2023/06/03,not get price
6880,2023/06/03,not get price
6884,2023/06/03,not get price
6887,2023/06/03,not get price
6892,2023/06/03,not get price
6903,2023/06/03,not get price
6906,2023/06/03,not get price
6909,2023/06/02,not get price
6913,2023/06/03,not get price
6931,2023/06/03,not get price
6933,2023/06/03,not get price
6936,2023/06/03,not get price
6940,2023/06/03,not get price
6949,2023/06/02,not get price
6953,2023/06/02,not get price
6956,2023/06/02,not get price
6959,2023/06/02,not get price
6968,2023/06/02,not get price
6970,2023/06/03,not get price
6975,2023/06/03,not get price
6978,2023/06/02,not get price
6979,2023/06/03,not get price
6980,2023/06/02,not get price
6983,2023/06/02,not get price
6984,2023/06/02,not get price
6987,2023/06/03,not get price
6990,2023/06/02,not get price
7000,2023/06/02,not get price
7001,2023/06/02,not get price
7002,2023/06/03,not get price
7005,2023/06/02,not get price
7006,2023/06/03,not get price
7008,2023/06/03,not get price
7009,2023/06/02,not get price
7010,2023/06/02,not get price
7015,2023/06/02,not get price
7016,2023/06/03,not get price
7017,2023/06/02,not get price
7019,2023/06/02,not get price
7023,2023/06/02,not get price
7024,2023/06/03,not get price
7025,2023/06/03,not get price
7026,2023/06/02,not get price
7027,2023/06/02,not get price
7028,2023/06/03,not get price
7029,2023/06/03,not get price
7032,2023/06/02,not get price
7051,2023/06/03,not get price
7052,2023/06/02,not get price
7053,2023/06/02,not get price
7054,2023/06/02,not get price
7055,2023/06/02,not get price
7056,2023/06/02,not get price
7075,2023/06/02,not get price
7098,2023/06/03,not get price
7099,2023/06/03,not get price
7100,2023/06/03,not get price
7101,2023/06/03,not get price
7103,2023/06/03,not get price
7104,2023/06/03,not get price
7106,2023/06/02,not get price
7107,2023/06/03,not get price
7108,2023/06/02,not get price
7109,2023/06/02,not get price
7113,2023/06/02,not get price
7117,2023/06/03,not get price
7118,2023/06/02,not get price
7121,2023/06/03,not get price
7123,2023/06/02,not get price
7124,2023/06/02,not get price
7125,2023/06/02,not get price
7132,2023/06/02,not get price
7136,2023/06/03,not get price
7137,2023/06/02,not get price
7139,2023/06/03,not get price
7141,2023/06/02,not get price
7142,2023/06/02,not get price
7143,2023/06/03,not get price
7144,2023/06/02,not get price
7145,2023/06/02,not get price
7146,2023/06/03,not get price
7147,2023/06/02,not get price
7149,2023/06/03,not get price
7151,2023/06/03,not get price
7152,2023/06/02,not get price
7153,2023/06/02,not get price
7154,2023/06/03,not get price
7155,2023/06/03,not get price
7156,2023/06/03,not get price
7158,2023/06/02,not get price
7159,2023/06/02,not get price
7160,2023/06/03,not get price
7165,2023/06/03,not get price
7166,2023/06/02,not get price
7168,2023/06/02,not get price
7170,2023/06/02,not get price
7171,2023/06/03,not get price
7174,2023/06/02,not get price
7176,2023/06/02,not get price
7178,2023/06/03,not get price
7179,2023/06/02,not get price
7188,2023/06/03,not get price
7193,2023/06/03,not get price
7194,2023/06/03,not get price
7195,2023/06/03,not get price
7197,2023/06/03,not get price
7200,2023/06/02,not get price
7204,2023/06/02,not get price
7206,2023/06/03,not get price
7207,2023/06/03,not get price
7209,2023/06/02,not get price
7216,2023/06/02,not get price
7225,2023/06/02,not get price
7232,2023/06/02,not get price
7234,2023/06/02,not get price
7237,2023/06/02,not get price
7252,2023/06/03,not get price
7253,2023/06/02,not get price
7257,2023/06/02,not get price
7258,2023/06/02,not get price
7275,2023/06/03,not get price
7281,2023/06/03,not get price
7285,2023/06/02,not get price
7286,2023/06/02,not get price
7288,2023/06/02,not get price
7289,2023/06/02,not get price
7290,2023/06/02,not get price
7293,2023/06/02,not get price
7295,2023/06/03,not get price
7300,2023/06/03,not get price
7302,2023/06/03,not get price
7303,2023/06/02,not get price
7304,2023/06/03,not get price
7306,2023/06/02,not get price
7307,2023/06/03,not get price
7310,2023/06/03,not get price
7316,2023/06/03,not get price
7319,2023/06/03,not get price
7324,2023/06/03,not get price
7328,2023/06/02,not get price
7329,2023/06/03,not get price
7331,2023/06/03,not get price
7332,2023/06/03,not get price
7333,2023/06/03,not get price
7334,2023/06/03,not get price
7335,2023/06/02,not get price
7336,2023/06/03,not get price
7340,2023/06/02,not get price
7341,2023/06/02,not get price
7344,2023/06/02,not get price
7346,2023/06/02,not get price
7348,2023/06/02,not get price
7349,2023/06/03,not get price
7355,2023/06/03,not get price
7364,2023/06/03,not get price
7382,2023/06/02,not get price
7385,2023/06/02,not get price
7387,2023/06/02,not get price
7390,2023/06/03,not get price
7391,2023/06/03,not get price
7392,2023/06/02,not get price
7393,2023/06/02,not get price
7394,2023/06/03,not get price
7395,2023/06/03,not get price
7396,2023/06/03,not get price
7397,2023/06/03,not get price
7398,2023/06/03,not get price
7400,2023/06/02,not get price
7401,2023/06/03,not get price
7402,2023/06/02,not get price
7403,2023/06/02,not get price
7405,2023/06/03,not get price
7406,2023/06/03,not get price
7407,2023/06/03,not get price
7409,2023/06/03,not get price
7411,2023/06/03,not get price
7418,2023/06/03,not get price
7423,2023/06/02,not get price
7424,2023/06/02,not get price
7431,2023/06/03,not get price
7436,2023/06/03,not get price
7437,2023/06/03,not get price
7439,2023/06/02,not get price
7454,2023/06/02,not get price
7469,2023/06/02,not get price
7470,2023/06/02,not get price
7471,2023/06/03,not get price
7479,2023/06/02,not get price
7484,2023/06/03,not get price
7492,2023/06/03,not get price
7495,2023/06/03,not get price
7496,2023/06/03,not get price
7497,2023/06/03,not get price
7498,2023/06/03,not get price
7499,2023/06/03,not get price
7507,2023/06/02,not get price
7511,2023/06/02,not get price
7526,2023/06/02,not get price
7528,2023/06/03,not get price
7529,2023/06/02,not get price
7534,2023/06/03,not get price
7536,2023/06/03,not get price
7540,2023/06/02,not get price
7543,2023/06/02,not get price
7546,2023/06/02,not get price
7547,2023/06/02,not get price
7549,2023/06/03,not get price
7556,2023/06/02,not get price
7557,2023/06/03,not get price
7572,2023/06/03,not get price
7573,2023/06/03,not get price
7576,2023/06/02,not get price
7579,2023/06/03,not get price
7580,2023/06/03,not get price
7588,2023/06/02,not get price
7589,2023/06/03,not get price
7592,2023/06/03,not get price
7626,2023/06/03,not get price
7629,2023/06/03,not get price
7632,2023/06/03,not get price
7639,2023/06/03,not get price
7650,2023/06/02,not get price
7651,2023/06/03,not get price
7652,2023/06/02,not get price
7653,2023/06/02,not get price
7654,2023/06/02,not get price
7655,2023/06/02,not get price
7656,2023/06/03,not get price
7657,2023/06/03,not get price
7658,2023/06/03,not get price
7660,2023/06/02,not get price
7662,2023/06/02,not get price
7663,2023/06/03,not get price
7664,2023/06/02,not get price
7665,2023/06/03,not get price
7666,2023/06/02,not get price
7667,2023/06/03,not get price
7668,2023/06/03,not get price
7669,2023/06/03,not get price
7672,2023/06/02,not get price
7680,2023/06/02,not get price
7684,2023/06/03,not get price
7690,2023/06/02,not get price
7691,2023/06/02,not get price
7693,2023/06/03,not get price
7696,2023/06/03,not get price
7700,2023/06/03,not get price
7710,2023/06/03,not get price
7712,2023/06/02,not get price
7737,2023/06/03,not get price
7738,2023/06/03,not get price
7742,2023/06/03,not get price
7753,2023/06/03,not get price
7754,2023/06/03,not get price
7755,2023/06/03,not get price
7759,2023/06/03,not get price
7761,2023/06/03,not get price
7763,2023/06/03,not get price
7764,2023/06/03,not get price
7766,2023/06/03,not get price
7767,2023/06/03,not get price
7770,2023/06/03,not get price
7778,2023/06/03,not get price
7783,2023/06/03,not get price
7784,2023/06/03,not get price
7785,2023/06/03,not get price
7786,2023/06/03,not get price
7787,2023/06/03,not get price
7788,2023/06/03,not get price
7789,2023/06/03,not get price
7790,2023/06/03,not get price
7796,2023/06/03,not get price
7797,2023/06/03,not get price
7798,2023/06/03,not get price
7799,2023/06/03,not get price
7801,2023/06/03,not get price
7802,2023/06/03,not get price
7848,2023/06/03,not get price
7852,2023/06/03,not get price
7854,2023/06/03,not get price
7876,2023/06/03,not get price
7881,2023/06/03,not get price
7884,2023/06/03,not get price
7892,2023/06/03,not get price
7900,2023/06/03,not get price
7910,2023/06/03,not get price
7924,2023/06/03,not get price
7926,2023/06/03,not get price
7930,2023/06/03,not get price
7941,2023/06/03,not get price
7948,2023/06/03,not get price
7964,2023/06/03,not get price
7967,2023/06/03,not get price
7969,2023/06/03,not get price
7977,2023/06/03,not get price
7978,2023/06/03,not get price
7982,2023/06/03,not get price
7996,2023/06/03,not get price
7998,2023/06/03,not get price
8003,2023/06/03,not get price
8004,2023/06/03,not get price
8009,2023/06/03,not get price
8010,2023/06/03,not get price
8017,2023/06/03,not get price
8021,2023/06/03,not get price
8026,2023/06/03,not get price
8033,2023/06/03,not get price
8034,2023/06/03,not get price
8047,2023/06/03,not get price
8049,2023/06/03,not get price
8054,2023/06/03,not get price
8055,2023/06/03,not get price
8062,2023/06/03,not get price
8063,2023/06/03,not get price
8069,2023/06/03,not get price
8082,2023/06/03,not get price
8083,2023/06/03,not get price
8099,2023/06/03,not get price
8100,2023/06/03,not get price
8102,2023/06/03,not get price
8106,2023/06/03,not get price
8116,2023/06/03,not get price
8121,2023/06/03,not get price
8122,2023/06/03,not get price
8124,2023/06/03,not get price
8149,2023/06/03,not get price
8156,2023/06/03,not get price
8161,2023/06/03,not get price
8162,2023/06/03,not get price
8169,2023/06/03,not get price
8172,2023/06/03,not get price
8176,2023/06/03,not get price
8177,2023/06/03,not get price
8180,2023/06/03,not get price
8183,2023/06/03,not get price
8188,2023/06/03,not get price
8189,2023/06/03,not get price
8195,2023/06/03,not get price
8199,2023/06/03,not get price
8204,2023/06/03,not get price
8210,2023/06/03,not get price
8212,2023/06/03,not get price
8213,2023/06/03,not get price
8220,2023/06/03,not get price
8221,2023/06/03,not get price
8222,2023/06/03,not get price
8223,2023/06/03,not get price
8224,2023/06/03,not get price
8231,2023/06/03,not get price
8232,2023/06/03,not get price
8235,2023/06/03,not get price
8239,2023/06/03,not get price
8240,2023/06/03,not get price
8241,2023/06/03,not get price
8243,2023/06/03,not get price
8250,2023/06/03,not get price
8259,2023/06/03,not get price
8261,2023/06/03,not get price
8262,2023/06/03,not get price
8264,2023/06/03,not get price
8265,2023/06/03,not get price
8269,2023/06/03,not get price
8271,2023/06/03,not get price
8272,2023/06/03,not get price
8277,2023/06/03,not get price
8280,2023/06/03,not get price
8284,2023/06/03,not get price
8286,2023/06/03,not get price
8288,2023/06/03,not get price
8290,2023/06/03,not get price
8292,2023/06/03,not get price
8294,2023/06/03,not get price
8295,2023/06/03,not get price
8296,2023/06/03,not get price
8297,2023/06/03,not get price
8300,2023/06/03,not get price
8302,2023/06/03,not get price
8305,2023/06/03,not get price
8307,2023/06/03,not get price
8310,2023/06/03,not get price
8311,2023/06/03,not get price
8312,2023/06/03,not get price
8313,2023/06/03,not get price
8314,2023/06/03,not get price
8315,2023/06/03,not get price
8317,2023/06/03,not get price
8318,2023/06/03,not get price
8319,2023/06/03,not get price
8320,2023/06/03,not get price
8321,2023/06/03,not get price
8322,2023/06/03,not get price
8323,2023/06/03,not get price
8326,2023/06/03,not get price
8329,2023/06/03,not get price
8330,2023/06/03,not get price
8335,2023/06/03,not get price
8348,2023/06/03,not get price
8351,2023/06/03,not get price
8352,2023/06/03,not get price
8353,2023/06/03,not get price
8357,2023/06/03,not get price
8371,2023/06/03,not get price
8373,2023/06/03,not get price
8376,2023/06/03,not get price
8380,2023/06/03,not get price
8389,2023/06/03,not get price
8391,2023/06/03,not get price
8400,2023/06/03,not get price
8401,2023/06/03,not get price
8402,2023/06/03,not get price
8405,2023/06/03,not get price
8406,2023/06/03,not get price
8407,2023/06/03,not get price
8408,2023/06/03,not get price
8412,2023/06/03,not get price
8413,2023/06/03,not get price
8414,2023/06/03,not get price
8417,2023/06/03,not get price
8419,2023/06/03,not get price
8420,2023/06/03,not get price
8422,2023/06/03,not get price
8427,2023/06/03,not get price
8428,2023/06/03,not get price
8429,2023/06/03,not get price
8430,2023/06/03,not get price
8431,2023/06/03,not get price
8432,2023/06/03,not get price
8433,2023/06/03,not get price
8434,2023/06/03,not get price
8435,2023/06/03,not get price
8436,2023/06/03,not get price
8437,2023/06/03,not get price
8438,2023/06/03,not get price
8440,2023/06/03,not get price
8441,2023/06/03,not get price
8442,2023/06/03,not get price
8443,2023/06/03,not get price
8444,2023/06/03,not get price
8445,2023/06/03,not get price
8446,2023/06/03,not get price
8447,2023/06/03,not get price
8448,2023/06/03,not get price
8449,2023/06/03,not get price
8450,2023/06/03,not get price
8451,2023/06/03,not get price
8452,2023/06/03,not get price
8453,2023/06/03,not get price
8454,2023/06/03,not get price
8455,2023/06/03,not get price
8456,2023/06/03,not get price
8457,2023/06/03,not get price
8459,2023/06/03,not get price
8460,2023/06/03,not get price
8461,2023/06/03,not get price
8463,2023/06/03,not get price
8464,2023/06/03,not get price
8465,2023/06/03,not get price
8466,2023/06/03,not get price
8467,2023/06/03,not get price
8468,2023/06/03,not get price
8469,2023/06/03,not get price
8470,2023/06/03,not get price
8471,2023/06/03,not get price
8472,2023/06/03,not get price
8474,2023/06/03,not get price
8475,2023/06/03,not get price
8476,2023/06/03,not get price
8477,2023/06/03,not get price
8478,2023/06/03,not get price
8479,2023/06/03,not get price
8480,2023/06/03,not get price
8481,2023/06/03,not get price
8482,2023/06/03,not get price
8483,2023/06/03,not get price
8484,2023/06/03,not get price
8485,2023/06/03,not get price
8486,2023/06/03,not get price
8487,2023/06/03,not get price
8488,2023/06/03,not get price
8490,2023/06/03,not get price
8491,2023/06/03,not get price
8492,2023/06/03,not get price
8494,2023/06/03,not get price
8495,2023/06/03,not get price
8496,2023/06/03,not get price
8497,2023/06/03,not get price
8498,2023/06/03,not get price
8499,2023/06/03,not get price
8500,2023/06/03,not get price
8501,2023/06/03,not get price
8502,2023/06/03,not get price
8503,2023/06/03,not get price
8504,2023/06/03,not get price
8505,2023/06/03,not get price
8506,2023/06/03,not get price
8507,2023/06/03,not get price
8509,2023/06/03,not get price
8510,2023/06/03,not get price
8516,2023/06/03,not get price
8517,2023/06/03,not get price
8523,2023/06/03,not get price
8525,2023/06/03,not get price
8526,2023/06/03,not get price
8531,2023/06/03,not get price
8532,2023/06/03,not get price
8533,2023/06/03,not get price
8534,2023/06/03,not get price
8535,2023/06/03,not get price
8538,2023/06/03,not get price
8539,2023/06/03,not get price
8546,2023/06/03,not get price
8547,2023/06/03,not get price
8548,2023/06/03,not get price
8549,2023/06/03,not get price
8553,2023/06/03,not get price
8555,2023/06/03,not get price
8557,2023/06/03,not get price
8569,2023/06/03,not get price
8575,2023/06/03,not get price
8576,2023/06/03,not get price
8578,2023/06/03,not get price
8580,2023/06/03,not get price
8581,2023/06/03,not get price
8582,2023/06/03,not get price
8587,2023/06/03,not get price
8590,2023/06/03,not get price
8598,2023/06/03,not get price
8599,2023/06/03,not get price
8602,2023/06/03,not get price
8605,2023/06/03,not get price
8608,2023/06/03,not get price
8610,2023/06/03,not get price
8612,2023/06/03,not get price
8618,2023/06/03,not get price
8619,2023/06/03,not get price
8620,2023/06/03,not get price
8621,2023/06/03,not get price
8623,2023/06/03,not get price
8626,2023/06/03,not get price
8627,2023/06/03,not get price
8629,2023/06/03,not get price
8631,2023/06/03,not get price
8632,2023/06/03,not get price
8633,2023/06/03,not get price
8635,2023/06/03,not get price
8636,2023/06/03,not get price
8637,2023/06/03,not get price
8638,2023/06/03,not get price
8639,2023/06/03,not get price
8643,2023/06/03,not get price
8644,2023/06/03,not get price
8645,2023/06/03,not get price
8646,2023/06/03,not get price
8647,2023/06/03,not get price
8649,2023/06/03,not get price
8650,2023/06/03,not get price
8651,2023/06/03,not get price
8652,2023/06/03,not get price
8653,2023/06/03,not get price
8654,2023/06/03,not get price
8655,2023/06/03,not get price
8656,2023/06/03,not get price
8658,2023/06/03,not get price
8659,2023/06/03,not get price
8660,2023/06/03,not get price
8661,2023/06/03,not get price
8662,2023/06/03,not get price
8663,2023/06/03,not get price
8664,2023/06/03,not get price
8667,2023/06/03,not get price
8668,2023/06/03,not get price
8669,2023/06/03,not get price
8670,2023/06/03,not get price
8671,2023/06/03,not get price
8672,2023/06/03,not get price
8673,2023/06/03,not get price
8674,2023/06/03,not get price
8676,2023/06/03,not get price
8677,2023/06/03,not get price
8679,2023/06/03,not get price
8680,2023/06/03,not get price
8684,2023/06/03,not get price
8687,2023/06/03,not get price
8688,2023/06/03,not get price
8690,2023/06/03,not get price
8691,2023/06/03,not get price
8693,2023/06/03,not get price
8694,2023/06/03,not get price
8695,2023/06/03,not get price
8696,2023/06/03,not get price
8712,2023/06/03,not get price
8716,2023/06/03,not get price
8717,2023/06/03,not get price
8719,2023/06/03,not get price
8722,2023/06/03,not get price
8723,2023/06/03,not get price
8724,2023/06/03,not get price
8726,2023/06/03,not get price
8727,2023/06/03,not get price
8730,2023/06/03,not get price
8731,2023/06/03,not get price
8733,2023/06/03,not get price
8736,2023/06/03,not get price
8741,2023/06/03,not get price
8743,2023/06/03,not get price
8745,2023/06/03,not get price
8748,2023/06/03,not get price
8751,2023/06/03,not get price
8753,2023/06/03,not get price
8756,2023/06/03,not get price
8757,2023/06/03,not get price
8758,2023/06/03,not get price
8760,2023/06/03,not get price
8762,2023/06/03,not get price
8764,2023/06/03,not get price
8765,2023/06/03,not get price
8768,2023/06/03,not get price
8770,2023/06/03,not get price
8773,2023/06/03,not get price
8775,2023/06/03,not get price
8776,2023/06/03,not get price
8777,2023/06/03,not get price
8778,2023/06/03,not get price
8779,2023/06/03,not get price
8780,2023/06/03,not get price
8781,2023/06/03,not get price
8782,2023/06/03,not get price
8784,2023/06/03,not get price
8785,2023/06/03,not get price
8786,2023/06/03,not get price
8788,2023/06/03,not get price
8790,2023/06/03,not get price
8791,2023/06/03,not get price
8792,2023/06/03,not get price
8794,2023/06/03,not get price
8796,2023/06/03,not get price
8797,2023/06/03,not get price
8799,2023/06/03,not get price
8800,2023/06/03,not get price
8805,2023/06/03,not get price
8807,2023/06/03,not get price
8808,2023/06/03,not get price
8811,2023/06/03,not get price
8812,2023/06/03,not get price
8813,2023/06/03,not get price
8814,2023/06/03,not get price
8816,2023/06/03,not get price
8817,2023/06/03,not get price
8819,2023/06/03,not get price
8820,2023/06/03,not get price
8822,2023/06/03,not get price
8823,2023/06/03,not get price
8824,2023/06/03,not get price
8825,2023/06/03,not get price
8826,2023/06/03,not get price
8827,2023/06/03,not get price
8828,2023/06/03,not get price
8829,2023/06/03,not get price
8831,2023/06/03,not get price
8837,2023/06/03,not get price
8843,2023/06/03,not get price
8845,2023/06/03,not get price
8846,2023/06/03,not get price
8847,2023/06/03,not get price
8849,2023/06/03,not get price
8852,2023/06/03,not get price
8855,2023/06/03,not get price
8856,2023/06/03,not get price
8857,2023/06/03,not get price
8859,2023/06/03,not get price
8861,2023/06/03,not get price
8862,2023/06/03,not get price
8863,2023/06/03,not get price
8865,2023/06/03,not get price
8867,2023/06/03,not get price
8873,2023/06/03,not get price
8883,2023/06/03,not get price
8906,2023/06/03,not get price
8916,2023/06/03,not get price
8926,2023/06/03,not get price
8930,2023/06/03,not get price
8932,2023/06/03,not get price
8949,2023/06/03,not get price
8950,2023/06/03,not get price
8971,2023/06/03,not get price
8988,2023/06/03,not get price
8989,2023/06/03,not get price
8994,2023/06/03,not get price
9000,2023/06/03,not get price
9002,2023/06/03,not get price
9004,2023/06/03,not get price
9011,2023/06/03,not get price
9013,2023/06/03,not get price
9015,2023/06/03,not get price
9016,2023/06/03,not get price
9018,2023/06/03,not get price
9019,2023/06/03,not get price
9023,2023/06/03,not get price
9026,2023/06/03,not get price
9032,2023/06/03,not get price
9038,2023/06/03,not get price
9043,2023/06/03,not get price
9050,2023/06/03,not get price
9054,2023/06/03,not get price
9071,2023/06/03,not get price
9079,2023/06/03,not get price
9080,2023/06/03,not get price
9084,2023/06/03,not get price
9088,2023/06/03,not get price
9089,2023/06/03,not get price
9091,2023/06/03,not get price
9092,2023/06/03,not get price
9093,2023/06/03,not get price
9094,2023/06/03,not get price
9095,2023/06/03,not get price
9096,2023/06/03,not get price
9097,2023/06/03,not get price
9098,2023/06/03,not get price
9100,2023/06/03,not get price
9102,2023/06/03,not get price
9103,2023/06/03,not get price
9105,2023/06/03,not get price
9106,2023/06/03,not get price
9108,2023/06/03,not get price
9109,2023/06/03,not get price
9111,2023/06/03,not get price
9112,2023/06/03,not get price
9114,2023/06/03,not get price
9116,2023/06/03,not get price
9117,2023/06/03,not get price
9118,2023/06/03,not get price
9120,2023/06/03,not get price
9121,2023/06/03,not get price
9122,2023/06/03,not get price
9124,2023/06/03,not get price
9125,2023/06/03,not get price
9126,2023/06/03,not get price
9128,2023/06/03,not get price
9129,2023/06/03,not get price
9131,2023/06/03,not get price
9134,2023/06/03,not get price
9135,2023/06/03,not get price
9136,2023/06/03,not get price
9137,2023/06/03,not get price
9138,2023/06/03,not get price
9139,2023/06/03,not get price
9140,2023/06/03,not get price
9141,2023/06/03,not get price
9144,2023/06/03,not get price
9146,2023/06/03,not get price
9148,2023/06/03,not get price
9149,2023/06/03,not get price
9150,2023/06/03,not get price
9151,2023/06/03,not get price
9153,2023/06/03,not get price
9154,2023/06/03,not get price
9155,2023/06/03,not get price
9156,2023/06/03,not get price
9157,2023/06/03,not get price
9158,2023/06/03,not get price
9159,2023/06/03,not get price
9160,2023/06/03,not get price
9161,2023/06/03,not get price
9162,2023/06/03,not get price
9163,2023/06/03,not get price
9164,2023/06/03,not get price
9165,2023/06/03,not get price
9166,2023/06/03,not get price
9167,2023/06/03,not get price
9168,2023/06/03,not get price
9169,2023/06/03,not get price
9170,2023/06/03,not get price
9172,2023/06/03,not get price
9175,2023/06/03,not get price
9177,2023/06/03,not get price
9178,2023/06/03,not get price
9181,2023/06/03,not get price
9182,2023/06/03,not get price
9183,2023/06/03,not get price
9184,2023/06/03,not get price
9185,2023/06/03,not get price
9186,2023/06/03,not get price
9187,2023/06/03,not get price
9188,2023/06/03,not get price
9189,2023/06/03,not get price
9190,2023/06/03,not get price
9191,2023/06/03,not get price
9192,2023/06/03,not get price
9194,2023/06/03,not get price
9195,2023/06/03,not get price
9196,2023/06/03,not get price
9197,2023/06/03,not get price
9198,2023/06/03,not get price
9199,2023/06/03,not get price
9200,2023/06/03,not get price
9203,2023/06/03,not get price
9207,2023/06/03,not get price
9208,2023/06/03,not get price
9209,2023/06/03,not get price
9210,2023/06/03,not get price
9217,2023/06/03,not get price
9222,2023/06/03,not get price
9224,2023/06/03,not get price
9225,2023/06/03,not get price
9226,2023/06/03,not get price
9228,2023/06/03,not get price
9230,2023/06/03,not get price
9235,2023/06/03,not get price
9236,2023/06/03,not get price
9237,2023/06/03,not get price
9238,2023/06/03,not get price
9239,2023/06/03,not get price
9243,2023/06/03,not get price
9255,2023/06/03,not get price
9261,2023/06/03,not get price
9269,2023/06/03,not get price
9276,2023/06/03,not get price
9280,2023/06/03,not get price
9288,2023/06/03,not get price
9289,2023/06/03,not get price
9290,2023/06/03,not get price
9291,2023/06/03,not get price
9292,2023/06/03,not get price
9293,2023/06/03,not get price
9294,2023/06/03,not get price
9295,2023/06/03,not get price
9296,2023/06/03,not get price
9297,2023/06/03,not get price
9298,2023/06/03,not get price
9299,2023/06/03,not get price
9300,2023/06/03,not get price
9309,2023/06/03,not get price
9315,2023/06/03,not get price
9316,2023/06/03,not get price
9328,2023/06/03,not get price
9329,2023/06/03,not get price
9330,2023/06/03,not get price
9331,2023/06/03,not get price
9332,2023/06/03,not get price
9333,2023/06/03,not get price
9334,2023/06/03,not get price
9335,2023/06/03,not get price
9349,2023/06/03,not get price
9350,2023/06/03,not get price
9352,2023/06/03,not get price
9354,2023/06/03,not get price
9356,2023/06/03,not get price
9371,2023/06/03,not get price
9372,2023/06/03,not get price
9383,2023/06/03,not get price
9387,2023/06/03,not get price
9388,2023/06/03,not get price
9389,2023/06/03,not get price
9390,2023/06/03,not get price
9391,2023/06/03,not get price
9392,2023/06/03,not get price
9393,2023/06/03,not get price
9394,2023/06/03,not get price
9395,2023/06/03,not get price
9396,2023/06/03,not get price
9397,2023/06/03,not get price
9398,2023/06/03,not get price
9400,2023/06/03,not get price
9403,2023/06/03,not get price
9406,2023/06/03,not get price
9410,2023/06/03,not get price
9415,2023/06/03,not get price
9420,2023/06/03,not get price
9426,2023/06/03,not get price
9429,2023/06/03,not get price
9431,2023/06/03,not get price
9440,2023/06/03,not get price
9442,2023/06/03,not get price
9443,2023/06/03,not get price
9451,2023/06/03,not get price
9452,2023/06/03,not get price
9453,2023/06/03,not get price
9454,2023/06/03,not get price
9455,2023/06/03,not get price
9456,2023/06/03,not get price
9457,2023/06/03,not get price
9458,2023/06/03,not get price
9459,2023/06/03,not get price
9460,2023/06/03,not get price
9461,2023/06/03,not get price
9462,2023/06/03,not get price
9463,2023/06/03,not get price
9464,2023/06/03,not get price
9465,2023/06/03,not get price
9469,2023/06/03,not get price
9472,2023/06/03,not get price
9473,2023/06/03,not get price
9480,2023/06/03,not get price
9482,2023/06/03,not get price
9483,2023/06/03,not get price
9484,2023/06/03,not get price
9485,2023/06/03,not get price
9486,2023/06/03,not get price
9487,2023/06/03,not get price
9488,2023/06/03,not get price
9489,2023/06/03,not get price
9490,2023/06/03,not get price
9491,2023/06/03,not get price
9492,2023/06/03,not get price
9493,2023/06/03,not get price
9494,2023/06/03,not get price
9495,2023/06/03,not get price
9497,2023/06/03,not get price
9498,2023/06/03,not get price
9499,2023/06/03,not get price
9500,2023/06/03,not get price
9510,2023/06/03,not get price
9512,2023/06/03,not get price
9515,2023/06/03,not get price
9516,2023/06/03,not get price
9518,2023/06/03,not get price
9520,2023/06/03,not get price
9521,2023/06/03,not get price
9523,2023/06/03,not get price
9524,2023/06/03,not get price
9525,2023/06/03,not get price
9526,2023/06/03,not get price
9527,2023/06/03,not get price
9528,2023/06/03,not get price
9529,2023/06/03,not get price
9530,2023/06/03,not get price
9538,2023/06/03,not get price
9545,2023/06/03,not get price
9546,2023/06/03,not get price
9547,2023/06/03,not get price
9548,2023/06/03,not get price
9549,2023/06/03,not get price
9550,2023/06/03,not get price
9555,2023/06/03,not get price
9559,2023/06/03,not get price
9566,2023/06/03,not get price
9567,2023/06/03,not get price
9568,2023/06/03,not get price
9569,2023/06/03,not get price
9570,2023/06/03,not get price
9571,2023/06/03,not get price
9572,2023/06/03,not get price
9573,2023/06/03,not get price
9574,2023/06/03,not get price
9575,2023/06/03,not get price
9576,2023/06/03,not get price
9577,2023/06/03,not get price
9578,2023/06/03,not get price
9579,2023/06/03,not get price
9580,2023/06/03,not get price
9581,2023/06/03,not get price
9582,2023/06/03,not get price
9583,2023/06/03,not get price
9584,2023/06/03,not get price
9585,2023/06/03,not get price
9586,2023/06/03,not get price
9587,2023/06/03,not get price
9588,2023/06/03,not get price
9589,2023/06/03,not get price
9590,2023/06/03,not get price
9591,2023/06/03,not get price
9592,2023/06/03,not get price
9593,2023/06/03,not get price
9594,2023/06/03,not get price
9595,2023/06/03,not get price
9596,2023/06/03,not get price
9597,2023/06/03,not get price
9598,2023/06/03,not get price
9599,2023/06/03,not get price
9606,2023/06/03,not get price
9614,2023/06/03,not get price
9618,2023/06/03,not get price
9620,2023/06/03,not get price
9634,2023/06/03,not get price
9645,2023/06/03,not get price
9646,2023/06/03,not get price
9649,2023/06/03,not get price
9653,2023/06/03,not get price
9655,2023/06/03,not get price
9659,2023/06/03,not get price
9660,2023/06/03,not get price
9662,2023/06/03,not get price
9666,2023/06/03,not get price
9668,2023/06/03,not get price
9670,2023/06/03,not get price
9673,2023/06/03,not get price
9676,2023/06/03,not get price
9683,2023/06/03,not get price
9688,2023/06/03,not get price
9689,2023/06/03,not get price
9690,2023/06/03,not get price
9693,2023/06/03,not get price
9700,2023/06/03,not get price
9703,2023/06/03,not get price
9705,2023/06/03,not get price
9710,2023/06/03,not get price
9714,2023/06/03,not get price
9718,2023/06/03,not get price
9721,2023/06/03,not get price
9724,2023/06/03,not get price
9725,2023/06/03,not get price
9727,2023/06/03,not get price
9732,2023/06/03,not get price
9738,2023/06/03,not get price
9745,2023/06/03,not get price
9752,2023/06/03,not get price
9754,2023/06/03,not get price
9762,2023/06/03,not get price
9770,2023/06/03,not get price
9771,2023/06/03,not get price
9772,2023/06/03,not get price
9773,2023/06/03,not get price
9774,2023/06/03,not get price
9775,2023/06/03,not get price
9777,2023/06/03,not get price
9779,2023/06/03,not get price
9781,2023/06/03,not get price
9786,2023/06/03,not get price
9796,2023/06/03,not get price
9798,2023/06/03,not get price
9800,2023/06/03,not get price
9801,2023/06/03,not get price
9802,2023/06/03,not get price
9803,2023/06/03,not get price
9804,2023/06/03,not get price
9805,2023/06/03,not get price
9806,2023/06/03,not get price
9807,2023/06/03,not get price
9808,2023/06/03,not get price
9809,2023/06/03,not get price
9811,2023/06/03,not get price
9821,2023/06/03,not get price
9825,2023/06/03,not get price
9839,2023/06/03,not get price
9840,2023/06/03,not get price
9848,2023/06/03,not get price
9851,2023/06/03,not get price
9860,2023/06/03,not get price
9862,2023/06/03,not get price
9863,2023/06/03,not get price
9868,2023/06/03,not get price
9871,2023/06/03,not get price
9879,2023/06/03,not get price
9881,2023/06/03,not get price
9886,2023/06/03,not get price
9891,2023/06/03,not get price
9893,2023/06/03,not get price
9894,2023/06/03,not get price
9910,2023/06/03,not get price
9911,2023/06/03,not get price
9915,2023/06/03,not get price
9917,2023/06/03,not get price
9918,2023/06/03,not get price
9920,2023/06/03,not get price
9921,2023/06/03,not get price
9925,2023/06/03,not get price
9926,2023/06/03,not get price
9933,2023/06/03,not get price
9940,2023/06/03,not get price
9951,2023/06/03,not get price
9953,2023/06/03,not get price
9954,2023/06/03,not get price
9958,2023/06/03,not get price
9965,2023/06/03,not get price
9970,2023/06/03,not get price
9981,2023/06/03,not get price
9985,2023/06/03,not get price
9988,2023/06/03,not get price
9998,2023/06/03,not get price
9999,2023/06/03,not get price
